algo,query_id,nb_reads,query_length,accession,description,organism,percentIdentity,nb_hsps,queryOverlap,hitOverlap,evalue,score,tax_id,taxonomy,sequence
BLASTX,I1-2_9224,2,165,AAX40975,triple gene block protein 2 [Grapevine rupestris stem pitting-associated virus],Grapevine rupestris stem pitting-associated virus,100.0,1,98,46,4.46708e-30,114.005,196400,Viruses;ssRNA viruses;Betaflexiviridae;Foveavirus;Grapevine rupestris stem pitting-associated virus,GGCTAAGACCATAACTCCATTAACTATCGGCTTGGGCATTGGACTGGTTCTACACTTCTTGAGAAAGTCTAATCTGCCATATTCAGGTGACAATATTCACCAGTTTCCACACGGAGGGCATTATAGGGACGGCACAAAGAGTATAACCTATTGTGGTCCTAGGCA
BLASTX,I1-2_695,22,810,AVK43101,replicase [Grapevine rupestris stem pitting-associated virus],Grapevine rupestris stem pitting-associated virus,93.0,1,100,12,4.71506e-154,486.493,196400,Viruses;ssRNA viruses;Betaflexiviridae;Foveavirus;Grapevine rupestris stem pitting-associated virus,CTAATCCCTTTGTCTAATGATCCTACTTTTAGACCGTCTCCCATGGAGGTCAATCTTGCCCTATCAAAGGTTAAGGCTGCACTAAAAGCCACTGGACAGTCGAAACTATTCAGTTTTTTGGTGGACGATAATGTGATGCGTGATATCCAGAATTCTTACAAAGTGGGTCTTTTCAAGTACATAAAAGCTCTCACTTATTGTTTCAATTCTTGTGGTCTCCAATGGTTCCTCCTTAAGCGAAGGTCCAATCTCAAGTTTCTGAAGGATAGAATATCATCCTTTGCTGATCTTAGTTGTGAGGTTATCAAGGCCTACAAGTCTGTTGTATCACAGGCAACACTCCCTGAAGCTCTGCTAAGCTTGACCAAAGTTTTCATAAGAGATTCTGATCCGAATGATGCCTTCACCTCCGAGTCAGCCTCAAATGATAAGTCAATCGGACTGGTTCATTCAGCTAGTGCAACCTCTGAGGGGTCACAGTCAGTCAATTGTGAGGTTAGCCAGGTTCCAGTGAGCTTTTCGAGCATCCCGTTAACTGCTCACAACCTCTCTGTTAGCAATGTCAAGTCACCAATCAGAGCTGCTGAAAAAGTTTTTGACTTGGAAGAGCTAAAGATTGCAGTTAAAGTTCTACCAGAGGATCTCAATTGGGTGGTTAAAAACATTGACTTTAAAGACAGGTTAAAAGGCAGGGGAGCATCTTTCTTCTCAAAACCAGGGATTTCATGTTATAGCTACAATGGTGGAAGCCACACAAGCTTGGGGTGGCCAAAGTTCATGGACCAAATTCTAAGCTCTACTGGTGGACGC
BLASTX,I1-2_119,78,1397,ARO70083,replicase [Grapevine rupestris stem pitting-associated virus],Grapevine rupestris stem pitting-associated virus,96.3,1,100,22,0.0,882.863,196400,Viruses;ssRNA viruses;Betaflexiviridae;Foveavirus;Grapevine rupestris stem pitting-associated virus,GCTGCAATGATTTCCTTCAACTAGATTTCTAGTCTTGCTAATTGCGAAAGTGGCTGAACCGATCAGATTGACAGTCAAAACTTTATGTCCAGGCTCATAACAACTTTCATCATCCTTATGCAAGGCTAACTTTGAATCCTCCTCATACATTTGAACTAGGCATGAGTTATAATAACTACGGCCACCAGTTAAGCTAAGGATTTCATCAAGGAATTTTGGCCAACCAAGGCTTGTATGGCTGCCCCCATTGTAGCTATAGCTCAGGATGCCAGGTTTCGAAAAGAAGGAAGCTCGCCTCCCCCTTAGCTTATCATTAAAGCTAACATTCTTCACTACCCAATCAAAGGGCTTTGGTAAGACCTCAACCGGAATTTTCAATTCCCCAAGACAAAAAGATTTTTCGAACTTCTTTATAGACGGTGGGGCCAAATTAATGTAAAGAGCATCATTTACTGGATGAGCACATGCAGCTTGCTCTATGGTTGGGAACCCTTGACAGTCTTCTGATAGTGATGCTTCAGAGGTCATATCATTAGCTAGGGCAGGATTTGGCAACTCATCATCTGACATGGAGTGGAAGTCAGAACAAAGCTGTGAGGAGGAGTGATCAATATATACTTTAACTAAGCCTGATAAAACGTCCGGAGACAAAACTTGCAAAATAACTGACTTGTAAAGTTTTGCAGCCCCACAGGAGAGCTCAACGAAGGAGGTTTCACTACTTTTCAGGAATTTCAAATTGACTCTCTGCTTAAGAAGAAACCACTGAAGGCCACAAAAATGGAAGAACTTGGTGAGAGTTTTTAAATGCTTAGAAAGCCTTGACCTGTACAGATTTTGCAGCTCATTTAGGAAGATATCATCGATCAGAAATCTGAAGAGATTTGACTGTCCAGTCACACCCAGGGCCATTTTAATCCCTGACAGAGCAAAATCTATCTCATTTGAGGATGGCCTAAAAGATGGGTCACTAGACAATGAGATCAGAGATGAGGCCGCATGCAGAACTTGATGATTGACAGTTCCTAGAAACTTATGCTCTATGGAAAACCTAGAACTGAGCCAATATGAAGGTCCAAGTGAGAAGGGACACCTTTGGCGATCAAACTGTGCATTGCTTAGCCCAAACCATGAGTTGTCCATGACTTCCTCAACATTATCCTCGATCAATTCATTCTGACAAGAGAACAGGAAAAGATGCTCAAAGAAGTCAGGAGTGATATCTACGAGGTTTATTGAGAAATTGAAAGGTTCAAGTGCATACACAAATGAGTCCAAAGAGGACTCACGAAAGTTTGATGAAAGCCTAGCCAGGGCATTTGGCATCATCCTACAAAAGAAGGAGATAACTAGCTTTGGAATATTTGGCATTAGCAGAGAGCCACTTCTTCCACAAC
BLASTX,I1-2_195,109,1217,ALD89131,"RNA-dependent RNA polymerase, partial [Rhizoctonia solani ourmia-like virus 1 RNA 1]",Rhizoctonia solani ourmia-like virus 1 RNA 1,38.3,1,59,34,4.61965e-32,139.813,1708387,Viruses;ssRNA viruses;;Ourmiavirus;Rhizoctonia solani ourmia-like virus 1 RNA 1,GCCGACACGTAAGCATCTGAGCTAACCAAGCAGTCGTCCCCGTTTACTAGATAAGTGGCCTTGTGGCCCCTCATCGCCCAACGGGCTGCAAGGTAAGACTGCAGACAGAGCAGCGGAAAAGAGAGATAGGCCCCCATCATCTGCCCGTGGGTCACTTCGCCCTCGATCACACCGTTCACCGTTACTAACGGCCTGAGGGACAAGTGAGCAAGCTCACGAATCCCGCCAGGAACGCGTTCACACTTACTAAGAAGTGACGCGAGGATGGCCTCTGTGGACTCGAGGGACAAGTTATCAGTAGCACTGACGAGGTCAATGCTAGTCTGATACTTGTACCTACAGGTAGATGAAATCTTTTCTGACGTCGGCGGTCCGACAAGGCACCAGGATTGCCTGGAAAGATGCTTATAAAGCATCTTGTGCAAAGGGGCGAGATAGTCAATGGCTTTATCATAAATGATAAGGGGCCTGACTTTCCCGGCACTAAGCACCTCCTTGTACCGCGCTTGAAATGGTATCCCAGTGACAAAGGGACCACTTAAGCATTGACCGACGTAGGACTTCCATTCGCCCATCCAAGCATGATCGGCTCTCTGTTCAGAGAACCTAGCTGTGGCATTGGGGACATGAGAATACACAAATTTCTCATAGTCACGGTCCCAACCGAATGGAAACATCCTGCGTACCTCTCTACGTAAAAACGAGAGGTACTCCGGAGAAGAAGGGGGGGGGTTAGAGAATGCGGACGCTTTCCATGCGTCCGCACAGGAAGGGGTGTGGAAACGACAACCTTGAGGAAGGTTGCGTTTAATTGATGCGACGGAGTGAGCAAACTCCCATCGCGCTCGTTTCCCCATCCGCGACAAAGCCAGAAACCCTGATGAATCACGAGATGTCGACTGACGTCTCGGGAAAGCAACAGAGGCCCTTTTCTGGCCCTGAAGAAGAAGAAAAGAGAGATAGCGATTTAAATCAGACGGCTCAAGATCCGGGCATTCACTATAGGGTAACCTAAAGCGAATCCGAATTAGTCTTAAGCCGTTGACAACGGTCTCTCTTGTGTCTAGCACTGCCTTGCGGCAGCTACGACACGTTTGAGCCTCAGAACCACAAGTGGGTTTATCTGAGGCGGCGGTGCACGTGACTTTTGATCGTGTGCCAGACATCTGAAAGGTAAAGCTGCGAAGCTGCCTGGTTCAGATGGGATCCTTTAACGG
BLASTX,I1-2_0,1802,7208,AXL94731,replicase [Grapevine rupestris stem pitting-associated virus],Grapevine rupestris stem pitting-associated virus,98.0,1,90,100,0.0,4274.16,196400,Viruses;ssRNA viruses;Betaflexiviridae;Foveavirus;Grapevine rupestris stem pitting-associated virus,AACAGAAATTGCATTGCAGTAATATTCCTTGAATATAATTGCAACGTGATGGCCCTCTCTTACCGGCCAGCTGTTGAAGAGGTGCTCGCAAAATTCACCTCTGATGAACAATCCAGAGTTTCCGCCACAGCCCTTAAAGCTTTAGTAGATATTGAGGAAGGTCAGCATGGTCTGTTCTCTTTTGCACTTTCTGACAGATGCAAGGAACGACTTATATCCTCTGGTATCTATTTGAGCCCCTATAGCTTTAAACCCCACTCTCATCCAGTTTGTAAAACCCTAGAAAATCACATTTTGTATAATGTCTTGCCTAGTTATGTAAATAATTCATTTTATTTTGTGGGGATAAAAGATTTCAAGCTTCAATTTCTTAAAAGAAGAAATAAAGATCTTAGTTTAATAGCACTTATCAATAGGTTTGTTACTAGTAAGGACATTTGTCGCTATGGTTCTGAATTTGTCATAAGCTCAAGTTGTAAGTCACATCACATAGCGAGCAAAAAGGGAATTGGGGATTCTGCATCCCTCAAAAGATTAATTCCTAGGGTGATTTCCACCGGGGCAAGAAATCTATTCCTTCATGATGAGATTCACTACTGGTCTGCAAAAGATTTGATCACCTTTCTTGATGTAACCAGGCCAAGTTTGCTTTTAGCAACTGCTGTAATTCCCACTGAATTACTTGTTGGCTCTCCTGAGAGCCTCAATCCTTGGGCCTATCAATATAAGATCAGTAATGATCAGTTGCTTTTTGCACCGGACGGCAACTGGAATGAGATGTATTCACAACCCTTGTCATGTAGATATTTGCTTAAGGCACGTTCCGTCGTCTTGCCTGATGGCTCACGCTACTCCGTTGATTTAATTCATTCAAAGTTTTGCCATCACCTCTTAAGTTTGACCCCCATGGGTGATTTGCTAACATCAAATATAAGATGTTTTTCTGGCTTTGATGCCATAGGCATAAAGGATCTTGAACCTTTAAGTCGAGGAATGCATAGCTGTTTCCCAGTGCATCATGATGTCGTCACCAAAATATATCTTTATTTGAGGACGCTTAAAAAACCGGATAGGGAGTCTGCGGAGGCTAAACTCCGCCAACTGATTGATAAGCCTACCGGGAGGGAAATCAAATTCATTGAGGACTTTTCTGCATTGGTGATCAGTTGTGGGCGGAGTGGTTCCCTATTGATGCCTAACATTTCAAAGCTGGTGATATCATTTTTGTGTCGAATGATGCCCAATGCCTTAGCCAGGTTGTCCTCAAGTTTCCGCGAAACTTCACTTGATTCATTTGTCTATGCTCTTGAGCCTTTCAATTTCTCAGTTAACTTGATAGATGTAACTCCTGATTTCTTTGAGCACCTATTTTTGTTCTCCTGCCTCAATGAGCTTATTGAGGAGGACATTGAGGAGGTAATGGATAGTTCATGGTTTGGACTAGGCAATGTGCAATTCAACCGTCAGAGGGCTCCATATTCACTAGGGGTATCACATTGGCTTAACTCTCCATTCTCTGTTGAGAATAAGTTTGCAGGTGCCATCAACCACCAAATTTTGCATGTCGCTCTGGCTTTGGTTCCTTTGCCAAATGATCCTTCTTTTAAGCTAGCTTCTAGGGAAGTAGATTCCGCCCTTTCAAGTGTGAGAATTGCTCTTGGAATCACAGGGCAATCTAGGCTCTTTGGCTTTTTAGTGAATGACACTTTCATAAATGAGATGCAGAGAAGGTATAAGTTGAGATTTGCCCGGCACTTGAAATCACTTACTTGGTATTTTCATTTCTGTGGTTGTCAATGGTTTCTCTTGAACCGAAGAATCAACCTCAAATTTTTGGGCGATCGAAAGTCCTCATTTGCTGACATTGATTGTAATGTTGCCCAGATTTATCGCTTGGTTTCAGCTCAGGCCACAGCCCCTGGAGCTTTATTGGGTTTAGCTAAGGTCTACGCTTGTTGCTCCAATCCTCAACAAAGACTCAACTCCTTAAATGTTCTGGAAGGTAAGCCATGCAAATCAGTGCAGCCCTCTGACGCACACTTTGGGGAGACTCTAGTTAGCCATGACCAAGAAGGGAATGTTGAAACAAGTGCCTCTCACGCTCCACAGTTACCTGATGCAAACGTCACTACTTCAGGTTCACCACCCCATGAGGGGCAGGAAAGGCAGTTTGTCCTGGGAGAATTGAAGGTGGCAATAGGTACCTTATCCCAGCCTTTTGAATGGATTGTCAAGAATGTAGGTTTCAATGATAAGCTGAAAGGTAGAAGTGCATCATTCTTTTCAAAGCCAGGTATTCAGAGTTATAACTACAATGGGGGTAGTCACAAGAGCTTGGGATGGCCAAAGTTTATGGATGAAATTCTTAGTTCCACTGGGGGGCGCAGCTATTACAATTCCTGTCTGGTTCAGCGCTATGAGGAGAACTCCAAATTAGCCCTGCACAAGGATGATGAGAACTGCTATGAGATCGGACACAAAGTTTTAACTATCAATTTGGTTGGCTCAGCCACTTTCACCATAAGTAAGGTTCGAGATTTGGTTGAGGGAAATCATTGCAGTCTGGTAATTAGGCCTGGTGAATTCTTTGAGATGCCCAGAGGTATGCAGAATAATTACTTCCATGGAGTCTCAAATTGTGAAGACGGGAGAGTTTCCATGACTTTCAGACGCCAGAAGTTGGAGGATGAGGATCAAGTCTTCATTAGCCCACAAGTTCCCATTGAGCAAAAACATGAAAAGCTTGATCGCAATATGTGGCAGCTAGGTCTTCATGGAATTAAAAAATCAATCTCAATAAATGGCACAAGCTTTTCTTCTGACTTATGTTCATGCTTCTCATGTCATAATTTTCATAAATTTAAAGATTTGATCAATAATTTGAAGCTCGCATTGGGGGCTCAAGGCTTGGGTCAGTGTGATCGAGTTGTTTTTGCAACAACTGGTGTAGGCTTATCCAAGTTGCTAGATGTGCCTAGGAGTAAGAAGCAATCAATATTAGTCCTTGAAGGTGCACTTGCAATGGATACCGGCTATGGGCCAAAGGTTTTGGGATCTTTTGAGGTATTCAAAGGGGACTTCAACATTAAGAAAATTGAAGATGGCTCCATATTTGTAATATCTTACAGGGCTCCTGTGAGATCTCCTGGCAAATTGAGAGTCCACAGGACGGAATGTTCCTTTTCTGGATCTAAGGAAGTGCTACTTGGTTGTCAAATTGAGGCCTCTGCTGATTATGACATTGATGACTTTAACAAATTTTCTGTACCTGGTGATGGTAACTGCTTTTGGCACTCAGTGGGTTTCTTGTTGAGCACAGATGGGCTTGCTTTGAAAGCCGGCATACGTTCGTTTGTTGAAAGTGAATCCCTTGCAGATCCAGCCCTATCGACCCAAACTGTTTTGAAGCAACTTGGTGATAATGCTTATGCAGAGAACGAGATGATAGCCTTATTCTGCATTAGGCATCATGTAAGGTTGATTATTATCACCCCAGAATATGAAGTGAGTTGGAAGTTTGGAGATAGCGAGTGGCCTTTATGTGGAATTTTGTGCTTGCAATCAAATCATTTTCAACCCTGTGCCCCATTGAATGGCTGCATGATCACAGCTATTGCCTCCGCGCTTGGTAGACGTGAAGTGGATGTTCTTAACTATCTGTGCAGGCCCTCCACAAATCACATTTTTGAAGAATTGTGCCAAGGTGGTGGCCTGAACATGATGTATCTCGCTGAGGCTTTCGAAGCATTCGACATTTGTGCTAAGTGTGACATTAATGGGGAGATTGAGGTTATCAATCCTAACGGACGTATGTCAGCTCTATTTGACATAACCAATGAACATATAAGACATGTTGAGAAGATTGGTAACGGCCCGCAGAGCATAAAGGTGGATGAATTGAGAAAAGTGAAACGATCTGCTCTTGACCTCCTCTCAATGAATGGATCAAAGATAACTTACTTTCCAAGCTTTGAAAGGGCAGAAAAGCTGCAGGGATGCTTGCTAGGAGGCTTAACTGGTGTGATAAGTGACGAAAAATTTAATGATTCCAAGCCATGGCTTTCAGGGATATCAACTTCAAATATCAAATCTCGGGAGTTAATAGTTGTGCTTGGAACTTTTGGAGCTGGCAAAAGCTTTTTGTACAAGAGCTTCATGAAGAGGTCTGAAGGTAAATTCGTAACCTTTGTCTCACCCAGGAGGGCTCTAGCTAATTCAATTAAGAGGGACCTGGAAATGGATGATGGTTGCAAAGTGGCAAAGGCAGGCAAATCAAAGAGAGAAGGTTGGGACGTTGTGACCTTTGAAGTGTTTCTCAGAAAGATTGAAAATCTAAAGGCAGGCCATTGTGTAATCTTTGATGAGGTTCAGCTGTTCCCTCCAGGCTATGTCGACCTTTGTCTGCTAACCATACGAAGTGACGCTTTCATCTCACTCGCTGGTGACCCCTGTCAAAGCACATATGACTCCCAAAAGGACCGCGCAATACTAGGGGCCGAGCAAAGTGATATATTGAGATTACTTGAGGGCAAGTCCTATAGGTACAACATTGAGAGTCGGAGGTTTGTGAATCCAATGTTTGAGTCCAGGCTGCCATGTCATTTCAAGAAGGGCTCCATGACTGCAGCTTTCGCTGACTATGCCATTTTCCACAATATGCATGACTTCCTTCTGGCTCGGTCTAAGACTTCCTTAGATGTCATTCTAGTTTCAAGCTTTGAGGAGAAGAAGATAGTACAGTCTTACTTTGGTATGAAGCAACTTACACTAACTTTTGGAGAATCAACGGGGCTGAACTTCAAACATGGTGGAATTTTAATTTCACATGACTCATTCCATACTGATGATCGTAGGTGGTTAACGGCCCTATCACGCTTTAGCCACAACTTGGACTTGGTGAATATTACTGGCGTAAGCGTGGAGGGTTTCCTCTCACATTTTGCTGGGAAACCACTTTACCACTTCCTGACGGCAAAGAGCGGAGAGAATGTGATAAGGGATCTGCTTCCAGGTGAGCCAAACTTTTTCAATGGTTTCAGCATCAACATTGGTAAGAATGAAGGTATACGGGAGGAAAAGCTGTGTGGTGATCCGTGGCTAAAAGTTATGCTTTTCTTAGGCCAGGATGAAGACTGTGAAGTTGAAGAGCTCGAGTCTGAGTGTTCAAATGAAGAATGGTTCAAAACGCACATACCCTTGAGCAATCTGGAGTCAACCAGGGCTAGATGGGTTGGGAAAATGGCCTTGAAAGAGCACCGTGAGGTACGATGTGGGTATGAGACAACTCAGCAATTCTTCGATGAACACAGGGGGGGAATGGGCGAGCAATTGAGCAATGCTTGTGAACGTTTTGAAAGCATTTATCCTAGACATAAGGGCAATGACTCCATCACTTTTTTAATGGCCGTCCGGAAACGCTTGAAGTTTTCAAAGCCACAGGTGGAAGCTGCGAAGCTAAGGCGTGCGAAGCCTTATGGGAAATTCCTGCTTGATACTTTCCTATCGAAAGTCCCATTAAATGCTAGCCACAATGTCTATATGTTTCATGAGGCAGTTCAGGAGTTTGAGGCAAAGAAGGCTAGCAAAAGTGCTGCAACCATTGAAAATCACTCAGGCAGGTCATGTCGGGATTGGCTGCTAGATGTTGCTTTAATCTTCATGAAATCCCAACATTGCACGAAATTTGACAATAGATTGAGGGTGGCAAAGGCTGGGCAAACTTTGGCCTGCTTTCAGCACGCTGTTTTGGTTCGCTTTGCACCTTACATGCGATACATTGAAAAGAAGCTCATGCAAGCATTGAAACCCAACTTCTACATCCACTCAGGCAAAGGTCTTGATGAGCTAAATGAATGGGTTAGGGCAAGAGATTTCACAGGTGTATGCACAGAGTCAGACTATGAAGCTTTTGATGCATCCCAGGACCATTTCATCTTGGCATTTGAACTGCAAATCATGAGATTTTTGGGATTGCCAGAAGATCTAATTTTAGACTATGAGTTCATCAAAATCCATCTTGGTTCAAAGCTTGGCTCTTTCGCGATAATGAGATTTACAGGTGAGGCAAGCACCTTTCTATTCAATACTATGGCTAACATGTTGTTCACTTTCCTGAGATATGAGTTAACAGGCTCTGAATCAATTGCGTTTGCAGGAGATGACATGTGTGCCAATCGCAGGCTAAGACTCAAAATTGAGCATGCCGGTTTTCTGAACATGATTTGTCTTAAAGCTAAGGTGCAGTTTGTCACAAATCCCACTTTCTGCGGATGGTGTCTGTTTAAAGAGGGAATCTTCAAAAAGCCTCAGCTTATTTGGGAGAGGATCTGCATTGCTAGAGAAATGGGCAATTTGGAAAATTGCATTGATAATTATGCAATTGAGGTGTCTTATGCTTACAGACTTGGAGAATTGTCTATTGGTGTGATGACTGAGGAGGAAGTTGAAGCGCATTATAATTGTGTGCGTTTCCTGGTTAGAAATAAGCATAAAATGAGGTGCTCAATTTCTAGTTTGTTTGAAGTTATTGTTTAGGCCTTAAGTGTTTGGCGTGGTGTGAGTATTATGAATAACTTAGTCAAGGCTTTGTCTGCATTTGAATTTGTTGGTGTGTTCTGTGTGCTTAAATTTCCAGTTGTTGTTCATAGTGTTCCAGGTAGTGGTAAAAGTAGCCTAATAAGGGAGCTCATTTCTGAGGACGAATCTTTTGTGGCTTTTACAGCAGGTGTGCCAGACAGTCCAAATCTAACAGGAAGGTACATCAAGCCCTACTCTCCAGGGTGTGCAGTGCAAGGGAAGATAAATATACTTGATGAGTACTTGTCTGTCTCTGATATTTCTGGTTTTGATGTGCTGTTCTCAGACCCCTACCAGAACATCAGCATTCCAAGGGAGGCACACTTCATAAAGAACAAAACTTGCAGGTTTGGTGTTAACACCTGCAAGTACCTCCAATCTTTTGGCTTTGATGTTTATAGTGATAGAGTGGACGCAGTTGTTATAGGGTCGCCATTTGAACTGGATGTTGAGGGAGTTCTCATTTGCTTTGGAAAGGAGGCCGTAGATCTAGCAGTTGCGCACAATTCCGACTTCAAGTTGCCCTGCGAGGTGCGGGGTTCAACATTTGACGTTGTAACATTGTTGAAGTCTAGGGACCCAACTCCAGAAGATAGGCATTGGTTCTACGTCGCAGCAACAAGGCATCGAAG
BLASTX,I1-2_8646,19,199,AAX40975,triple gene block protein 2 [Grapevine rupestris stem pitting-associated virus],Grapevine rupestris stem pitting-associated virus,100.0,1,99,56,8.6552e-39,136.732,196400,Viruses;ssRNA viruses;Betaflexiviridae;Foveavirus;Grapevine rupestris stem pitting-associated virus,GGCTAAGACCATAACTCCATTAACTATCGGCTTGGGCATTGGACTGGTTCTACACTTCTTGAGAAAGTCTAATCTGCCATATTCAGGTGACAATATTCATCAGTTTCCACACGGAGGGCATTATAGGGACGGCACAAAGAGTATAACCTATTGTGGTCCTAGGCAGTCATTCCCAAGTTCAGGGATATTTGGTCAGTCA
BLASTX,I1-2_5604,6,271,AWU58320,"replicase, partial [Grapevine rupestris stem pitting-associated virus]",Grapevine rupestris stem pitting-associated virus,100.0,1,100,16,1.05935e-53,187.578,196400,Viruses;ssRNA viruses;Betaflexiviridae;Foveavirus;Grapevine rupestris stem pitting-associated virus,AAAGAAAATCGTCCAGTCCTACTTTGGAATGAAGCAACTCACGCTTACTTTCGGTGAATCTACTGGGTTGAACTTCAAGCATGGAGGGATTCTTATATCACATGATTCCTTTCACACAGATGATCGTCGGTGGTTGACAGCTTTATCTCGTTTTAGCCACAATCTTGATCTAGTGAATATCACCGGTTTGAGGGTGGAAAGCTTTCTGTCGCATTTTGCTGGGAAACCGCTCTATCACTTTTTAACAGCAAAGAGCGGGGAGAATGTGATA
BLASTX,I1-2_5734,0,210,ABD79044,triple gene block [Grapevine rupestris stem pitting-associated virus],Grapevine rupestris stem pitting-associated virus,100.0,1,66,39,3.13158e-24,99.3673,196400,Viruses;ssRNA viruses;Betaflexiviridae;Foveavirus;Grapevine rupestris stem pitting-associated virus,GATGATAAGCACTGGTTCTACATTGCTGCAACAAGACATAGAAAGAAGTTGATCATCATGCAGTGAAATGCCTTTTCAGCAACCTGCGAATTGGGCCAAAACTGTTACTCCATTGACGATAGGCTTGGGTATTGGCTTGGTGCTGCATTTCCTAAGAAAGTCAAACTTGCCATACTCAGGAGATAACATACATCAATTTCCACACAGAGG
BLASTX,I1-2_5529,13,300,AFV34742,"RNA-dependent RNA polymerase, partial [Grapevine rupestris stem pitting-associated virus]",Grapevine rupestris stem pitting-associated virus,94.9,1,99,5,2.9488e-54,195.282,196400,Viruses;ssRNA viruses;Betaflexiviridae;Foveavirus;Grapevine rupestris stem pitting-associated virus,TTAACATAACTAGGCAAAACATTGTACAAAATGTGATTTTCTAAAGTTTTACAAACGGGATGCGAATGAGGCCTAAAACTATAAGGACTCAAATAGATACCAGAGGAGATCAGCCTTTCCTTACACCTATCAGGGAGTGCGAAAGAGAATAAGCTGTGCTGACTTTCCTCTATATCTACTAATGCTTTAAGAGCTGTAGCCGAAACCCTGGATTGTTCATCAGAGGTGAATTTTGCGAGCACCTCTTCAACAGCTGGCCTGTAAGAAAGAGCCATCACGTTGCAATTATATTCAAAGAAT
BLASTX,I1-2_10,298,2539,AQN80517,replicase [Grapevine rupestris stem pitting-associated virus],Grapevine rupestris stem pitting-associated virus,99.8,1,71,28,0.0,1214.52,196400,Viruses;ssRNA viruses;Betaflexiviridae;Foveavirus;Grapevine rupestris stem pitting-associated virus,AAAGAAAATCGTCCAGTCCTACTTTGGAATGAAGCAACTCACGCTTACTTTCGGTGAATCTACTGGGTTGAACTTCAAGCATGGAGGGATTCTTATATCGCATGATTCCTTTCACACAGATGATCGCCGGTGGTTGACAGCTTTATCTCGTTTTAGCCACAATCTTGATCTAGTGAACATCACTGGTTTGAGGGTGGAAAGCTTTCTGTCTCATTTTGCTGGGAAACCGCTCTATCACTTTTTAACAGCAAAAAGCGGGGAGAATGTGATAAGGGACTTGCTTCCCGGTGAGCCCAACTTCTTTAATGGTTTCAATGTTAGCATTGGGCGGAATGAAGGGGTGAGAGAGGAGAAGCTGTGTGGTGATCCTTGGCTAAAGGTCATGCTTTTCCTTGGCCAAGATGAGGATTGCGAAGTTGAAGAGCTTGAGTCTGAATGCTCAAATGAGGAATGGTTTAAAACCCATATCCCATTAAGTAACTTGGAATCAACCAGGGCCAGGTGGGTTGGAAAGATGGCGTTGAAGGAACACCGTGAAGTGAGATGTGGTTATGAAACGACCCAACAATTCTTTGATGAACACAGGTGTGGAAGAAGCGAGCAATTGAGCAATGCATGTGAAAGATTTGAAAGCATATATCCAAGACATAAAGGTAATGATTCAGTGACCTTTCTTATGGCTGTTAGGAAACGTCTAAAATTTTCAAAGCCTCAAGTCGAAGCTGCAAAATTGAGGCGCGCAAAGCCATATGGGAAGTTTTTACTTGACACTTTCCTTTCAAAGGTTCCATTGAATGCAAGCCACAATGCAAACCTGATGCTTGAAGCTGTGCGAGAATTTGAGGAAAAGAAAGCAAGCAAAAGTGCAGCGACAATAGAAAATCATTCCGGTAGATCTTGTAGGGATTGGTTGCTGGATGTTGCCCTAATTTTTATGAAGTCTCAACACTGCACAAAGTTTGACAACAGGTTAAGGGTAGCGAAGGCTGGACAGACTTTGGCCTGCTTTCAACATGCAGTTTTGGTTCGTTTTGCTCCTTATATGAGGTACATTGAAAAGAAGCTCATGCAAGCTTTAAAACCGAATTTTTACATTCACTCTGGTAAAGGTCTTGATGAACTTAATGAATGGGTTAAAGCGCGAAACTTTACAGGCATTTGCACAGAATCAGATTATGAGGCATTTGATGCCTCTCAGGATCACTTCATCTTGTCATTTGAGTTGCAAGTAATGCGGTTTTTAGGGTTGCCAGAGGACTTGATCTTGGATTATGAGTTCATCAAAATTCATCTTGGATCCAAGCTTGGATCTTTTGCTATAATGAGATTTACGGGTGAAGCCAGTACCTTTTTGTTCAACACAATGGCGAATATGTTGTTTACATTCTTAAGGTACGAACTGACAGGATCCGAGTCAATTGCTTTTGCGGGCGATGACATGTGCGCTAACAGCAGGTTAAGGCTTAAAACTGAACATGAAGGGTTCCTAAATATGATTTGCCTTAAAGCTAAGGTGCAATTTGTCACAAACCCCACATTTTGTGGATGGTGTTTGTTTAAAGAAGGGATCTTTAAGAAACCCCAACTCATTTGGGAGAGAATTTGCATTGCTCGTGAAATGGGTAACCTGGAGAACTGCATTGATAACTACGCAATTGAGGTATCCTATGCCTACAGGCTGGGCGAGTTGTCAATTGAAATGATGAATGAAGAGGAAGTTGAAGCACACTACAACTGTGTGCGATTCCTAGTTAGAAATAAGCACAAGATGAGGTGCTCAATTTCTGGGTTGTTTGAAGCTATAGATTAGGCCTTAAGTGTTTGGCATGGTGTGATTATTATGAATAACTTAGTTAAAGCTTTGTCTACGTTTGAGTTTGTGGGTGTTTATAGCGTGCTCAAATTTCCAGTTGTTGTCCATAGCGTCCCTGGTAGTGGTAAAAGTAGTTTGATAAGAGAGCTTATCACTGAGGATGAGAGTTTCATAGCCTTTACGGCCGGTGTTCCCGACACTCCTAACCTCTCTGGGAGGTACATCAAGCCATACTCTCCTGGTTGTACTGTAAAAGGGAAGATAAACATACTTGATGAGTATCTGTCTGTCAATGATATTTCTGGTTTTGATGTGCTATTCTCTGACCCATATCAAAATATCAGTGTCCCAAGGGAAGCTCACTTCATAAAGTCAAAAACCTGCAGATTTGGCGAAAATACATGTAAGTACCTTCTATCCTTTGGTTTTAATGTGCATAGTGATAGGTCTGATGAGGTGATTACAGGTTCACCATTTGAGTTAGATGTTGAGGGTGTGCTAATTTGCTTTGGTAAGGAGGCAGTTGATTTGGCGGCCGCACATAATTCCGATTTCAAACTTCCTTGTGAGGTACGAGGTGCCACATTTGAAGTTGTCACTTTATTAAAGTCAAGAGATCCAACCTCTGATGATAAGCACTGGTTCTACATTGCTGCAACAAGACATAGAAAGAAGTTGATCATCATGCAGTGAAATGCCTTTTCAGCAACCTGCGAATTGGGCCAA
BLASTX,I1-2_4166,6,364,ALM62238,RNA-dependent RNA polymerase [Soybean leaf-associated ourmiavirus 1],Soybean leaf-associated ourmiavirus 1,41.9,1,87,14,3.56627e-12,74.3294,1719263,Viruses;ssRNA viruses;;Ourmiavirus;Soybean leaf-associated ourmiavirus 1,ATTCAAGACCACCTGCTTTTGCGTTCGGAGCACTCCGGCCTTAAGGCAAACCCGCCAAGCCAACCGACCACGGAACCCAATTTCTTGGGGACTGAGGCCAGTTTTGAGGATCGTGTGTCGGTGCCACTTGATGTACTCAAGAGCAGCATTGAAACGAACCTGAGGGTCCAAACCTTTAGGCGCGAAGTCGCGCAAACCAGCAGGAAGAGAATTGGCGTATTCCGAGGATCTCAACATCCCAAACCTTAGAGTCGGAACTTGACGAAGTTGCTCCCCTCTCCACCTTAACAGTGTAGAGTTGAGTGTTCCGAAAGTATTGTTTCGCGAGGTTTTGGATGGTTCGACCTGAAGACCGACACCGCCC
BLASTX,I1-2_1553,59,594,AXL94720,TGB protein 1 [Grapevine rupestris stem pitting-associated virus],Grapevine rupestris stem pitting-associated virus,99.4,1,83,75,1.75442e-113,336.265,196400,Viruses;ssRNA viruses;Betaflexiviridae;Foveavirus;Grapevine rupestris stem pitting-associated virus,ACTGCCTCCTTGCCAAAGCAAATTAGCACACCCTCAACATCCAACTCAAATGGCGAACCTGTAATCACTTCATCAGACCTGTCGCTATGCAAATTAAAACCAAAGGACAGAAGGTACTTACATGTATTTTCGCCAAATCTGCAGGTCTTTGACTTTATGAAGTGAGCCTCCCTTGGAACACTGATATTTTGATATGGGTCAGAAAATAACACGTCAAAACCAGAAATGTCACTTACAGACAGATACTCATCAAGTATGTTTATCTTCCCTTTTACAGCACAACCAGGAGAGTATGGCTTGATGTACCTCCCAGAGAGGTTGGGAGTGTCGGGAACGCCGGCCGTAAAGGCTATGAAACTCTCGTCCTCAGTGATAAGTTCTCTTATTAAACTACTTTTACCACTACCAGGAACGCTATGAACAACAACTGGAAATCTGAGCACGCTATAAACACCAACAAACTCAAACGTGGACAAAGCTTTAACTAAGTTATTCATAATAATCACACCATGCCAAACACTTAAGGCCTAATCTATAGTTTCAAACAACCCAGAAATTGAGCACCTCATCTTGTGCTTATTTCTAACTAGGAAC
BLASTX,I1-2_60,74,1667,ARO69981,replicase [Grapevine rupestris stem pitting-associated virus],Grapevine rupestris stem pitting-associated virus,98.4,1,100,26,0.0,1105.51,196400,Viruses;ssRNA viruses;Betaflexiviridae;Foveavirus;Grapevine rupestris stem pitting-associated virus,AGATGATGACCAAATCTTTATTAGCCCCAAAGTGCCCATTGAGCAAAACCATGAGAAGCTTGATCGCAATATGTGGCAAATGGGCCTCCATGGGATCAAGAAGTCCATCTCAATTAATGGCACAAGCTTTACATCAGACCTCTGTTCTTGCTTTTCTTGTCATAACTTTCACAAATTCAAGGATCTGATAAACAATCTCAAGTTGGCTTTAGGCGCCCAAGGTTTAGGCCAGTGTGATAGAGTTGTGTTCGCCACTACTGGGCCCGGTCTATCACAAGTTCTGGCCATGCCAAGAAGCAAGAAACAGTCTATCCTTGTTCTTGAAGGGGCCCTCTCTTTAGAAACTGACTACGGTCCAAAAATCTTGGGATCATTTGAAGTTTTTAAAGGGGATTTTAGTATTAAAAAGATAGAAGATGGTTCTATCTTTGTGATATCTTACAGGGCTCCAGTCAGATCTACAGGCAAGTTAAGGGTTCATAAAACTGCATGCTCATTTTCTGGGTCGAGGGAGTTGTTATTGGGCTGCCCGATTGAGGCATCAGCAGATTTCGAAATTGAAGACTTCAACACTTTTCTTGTACCTGGTGATGGTAACTGCTTTTGGCACTCAGTTGGCTTTCTTCTTAGCACCGATGGTCTGGCTTTGAAGGCAGGAATAAGGTCGTTCGTGGAAAGTGAATCATCAGTTGATCCAGCTCTTTCGAGCCAAACTATACGGAAGCAACTTGATGAAAATGCTTATGCAGAAAATGAAATGATTGCCTTATTCTGTGTTAGGCATCATGTGAGACTGATTATTATGACACCAGAATATGAGGTGAGCTGGAAGTTTGGGGAAAATGAGTGGCCTCTATGTGGAATTTTGTGTTTAAAGTCCAATCATTTTCAACCTTGTGCCCCTCTTAATGGCTGCATGATTACAGCTATTGCATCAGCACTTGGAAGACGTGAGGTAGACGTGCTCAATTACTTATGTAGGCCCAGTACCAATCACATCTTTGAAGAGCTATGTCAGGGGGGGGGTCTGAATATGATGTATTTGGCAGAAGCTTTTGAGGCTTTCGACATTTGCGCCAAATGTGATATCAATGGCGAGATTGAGGTCATTAATCCAGGTGGGCGCATATCTGCTCTTTTTGACATAACCAATGAACACATTAGGCACGTTGAAAAGATTGGTAACGGGCCTCAAAGCATAAAGGTGGATGAGCTGCGAAAGGTTAAACGATCAGCTCTTGACCTGCTTTCCTTGAATGGGTCAAAGATAACATACTTTCCAAGTTTTGAGCGGGCGGAAAAACTTCAGGGGTGCTTGCTGGGAGGCTTGACTGGTGTGATAAGTGATGAGAAATTTAACGATTCAAAGCCTTGGCTTGCTGGAGTGTCAACCTCTGACATCAAGCAAAGAGAATTGACAGTTGTGCTTGGCACATTTGGGGCTGGAAAGAGTTTCCTATACAAGAGCTTCATGAAGAGATCTGAAGGAAAATTTGTAACATTTGTCTCACCTAGGCGGGCTTTAGCGAATTCAATCAAAAGGGACCTCGAAATGGATGATGAGTGTAAGGTGGTGAAGGCAGGCAAGTCAAAGAAGGAGGGCTGGGATGTCGTTACCTTTGAAGTCTTCCTTAGGAAGGTTACAGGCCTAAAGGCTGGTCATTGCG
BLASTX,I1-2_5218,52,313,AXL94660,TGB protein 2 [Grapevine rupestris stem pitting-associated virus],Grapevine rupestris stem pitting-associated virus,98.4,1,60,54,4.11744e-37,134.035,196400,Viruses;ssRNA viruses;Betaflexiviridae;Foveavirus;Grapevine rupestris stem pitting-associated virus,GCGGGGTTCAACATTTGACGTTGTAACATTGTTGAAGTCTAGGGACCCAACTCCAGAAGATAGGCATTGGTTCTACGTCGCAGCAACAAGGCATCGAAGCAAACTGATAATAATGCAGTGAGATGCCTTTCCAGCAACCTGCCAACTGGGCTAAGACCATAACTCCATTAACTATCGGCTTGGGCATTGGGCTGGTTCTACACTTCTTGAGAAGGTCTAATCTGCCATATTCAGGTGACAATATTCACCAGTTTCCACACGGAGGGCATTATAGGGACGGCACAAAGAGTATAACCTATTGTGGTCCTAGGCA
BLASTX,I1-2_161,246,1302,ADA79753,coat protein [Grapevine rupestris stem pitting-associated virus],Grapevine rupestris stem pitting-associated virus,100.0,1,60,100,5.25928e-170,491.115,196400,Viruses;ssRNA viruses;Betaflexiviridae;Foveavirus;Grapevine rupestris stem pitting-associated virus,CAGTTTCCACACGGAGGGCATTATAGGGACGGCACAAAGAGTATAACCTATTGTGGTCCTAGGCAGTCATTCCCAAGTTCAGGGATATTTGGTCAGTCAGAAAATTTCGTACCTTTGATACTGGTTGTAGCTTTGGTCGCTTTTATACATGTATTGTCTCTTTGGAATTCTGGTCCTAGTAGGAGTTGCAATTGCCATCCAAATCCTTGCACATGTAGACGGCAGTAGTGGTAACCATCAAGGCTGTTTCATAAGGGCCACCGGGGAGTCAATACTGATTGAGAATTGTGGGCCAAGCGAGGCCCTAGCTGCTACAGTTAAAGAGGTGTTGGGCGGTCTGAAGGCTTTAGGGGTTAGCCAAAAAGTTGATGAAATTGATTACAGTTGTTGAAAGAGTTAAATGGCAAGTCAAATTGGAAAGTTGCCTGGCGAGTCAAATGAAGCATATGAAGCCAGACTTAAGGCTTTAGAGTTAGCAAGGGCTCAAAAGGCTCCGGAAGTTTCCAGCCAACCTCCCACACTTAGTGGCATTCTTGCCAAAAGGAAAAGAGTGATTGAGAATGCACTCTCGAAGACAGTGGATATGCGTGAAGTTTTAAGGCATGAATCTGTTGTACTTTCCCCAAATGTGATGGATGAGGGAGCAATAGATGAGCTAATTCGTGCCTTTGGGGAGTCAGGCATAGCTGAAAATGCGCAGTTCGATGTTGCAATAGACATTGCCCGCCACTGTTCTGATGTGGGAAGTTCTCAGAGGTCAACCCTAATTGGTAAGAGCCCCTTCTGCGAGTTAAATCGGTCTGAAATTGCTGGAATTATAAGGGAGGTAACCACACTGCGCAGATTTTGCATGTACTACGCAAAAATCGTGTGGAACATTCATTTGGAGACGGGAATACCACCAGCTAATTGGGCCAAGAAAGGATTTAATGAGAATGAAAAGTTTGCAGCCTTTGACTTCTTCCTTGGAGTCACAGATGAGAGCGCGCTTGAACCTAAGGGTGGTGTCAAGAGAGCTCCAACAAAGGCAGAGATGGTCGCTAATATTGCCTCTTTTGAAGTCAAAGTGCTCAGACAGACTATGGCTGAAGGAAAGCGGAGCTCCAATCTTGGAGAAATTAGTGGTGGAACGGCTGGGGCGCTTATCAACAACCCCTTTGCAAATGTTACACATGAATGAGATTGATAGTGGAAGCAATGCTCCTTCATCCAAATAATCACCCGATTTCAAGGCTGGGTTAAGCCTGTTCGCTGGAATACCGTACTAATAGTATTCCCTTTCTATGCTAAATCCTATTCAAT
BLASTX,I1-2_453,88,937,AWU58194,28 kDa coat protein [Grapevine rupestris stem pitting-associated virus],Grapevine rupestris stem pitting-associated virus,99.6,1,83,100,0.0,530.02,196400,Viruses;ssRNA viruses;Betaflexiviridae;Foveavirus;Grapevine rupestris stem pitting-associated virus,AATGGCAAGTCAAACTGGGAAACTCCCCGGTGAATCAAATGAGGCTTTTGAAGCCCGGCTAAAATCGCTGGAGTTAGCTAGAGCTCAAAAGCAGCCGGAAGGTTCTAATGCACCACCTACTCTCAGTGGCATTCTTGCCAAACGCAAGAGGATCATAGAGAATGCACTTTCAAAGACGGTGGACATGAGGGAGGTTTTGAAACACGAAACGGTGGTGATTTCCCCAAATGTCATGGATGAAGGTGCAATAGACGAGCTGATTCGTGCATTTGGTGAATCTGGCATAGCTGAAAGCGTGCAATTCGATGTGGCTATAGATATAGCACGTCACTGCTCTGATGTTGGTAGCTCCCAGAGGTCAACCCTGATAGGCAAGAGTCCATTTTGTGACCTAAACAGATCAGAAATAGCTGGGATTATAAGGGAGGTGACCACATTACGTAGATTTTGCATGTACTATGCAAAAATCGTGTGGAACATCCATCTTGAGACGGGGATACCACCAGCTAACTGGGCCAAGAAAGGATTTAATGAGAATGAAAAGTTTGCAGCCTTTGATTTTTTCTTGGGAGTCACAGATGAGAGTGCGCTTGAGCCAAAGGGTGGAATTAAAAGAGCTCCAACGAAAGCTGAGATGGTTGCTAATATCGCCTCTTTTGAGGTTCAAGTGCTCAGACAAGCTATGGCTGAAGGCAAGCGGAGTTCCAACCTTGGAGAGATTAGTGGTGGAACGGCTGGTGCACTCATCAACAACCCCTTTTCAAATGTTACACATGAATGAGGGGGATGAAGTCAGCGACAATTCCGCAGTCCAATAATTCCCTGATTTCAAGGCTGGGTTAAGCCTGTTCGCTGGAATACCGTACTAATAGTATTCCCTTTCCATGCTAAATCCTATTTAATATATAAGGTGTGGAAAGTAAAAGAAGATTTGGTG
BLASTX,I1-2_39,148,1800,ALM62238,RNA-dependent RNA polymerase [Soybean leaf-associated ourmiavirus 1],Soybean leaf-associated ourmiavirus 1,44.0,1,61,50,1.53024e-72,259.996,1719263,Viruses;ssRNA viruses;;Ourmiavirus;Soybean leaf-associated ourmiavirus 1,GTAAGCCTAGGCCTCTGACAAAATTCCCTTCTGAGAGTTTAGTCTTGAAGCCTCTCCACAAATCTATTTATAATCGTTTATCACGGTTTAGATGGCTTTGTAGAGGTGATCTTGATGATCAGAAGCTTTCCCGGGCCGGCTTTTCGGCGAAGGAGGGGGAAACTCTTGTGTCGGGAGACTACAAGGGCGCGACGGACAATCTTCCGATTGAGGTGGCTGAGGCCATCTTATCGGAGTTGTTGAAGAATGCTGTTTGCGTTCCTCAGGATGTTCGGGCTTATGCCATGCTCATCCTCCGTCCACTCGTGTGGAATCTCGAAGAGGGTTTGTCATTCGTCCCTTCTGTGGGCCAGATGATGGGTAGTTACCTTTCTTTTCCCTTGCTTTGTCTTCAGAATTATACTGCCTTTTCTTGGGCAGCTCGTTCTGAAGGCATCAAGGTAAGTGAGATACCTTTACTCATTAACGGCGACGATATCCTTTATCAGTCGAAACCTGGTTTCGCTCCTGTTTGGATGTCGGTGGGTTCACAGTTGGGACTGGAAGTGGAACGTACGAAGACGTCTGTTGACCCGAGTTTTGGTTCTTTGAATTCAACTCTCGTTCGATGGGTGGGGGTTAACCTTCGGGTTATCCCCACTTTTCGATTTGGTATGTTCAGACGCGCCGACGACGTTTCCTCCTTGCCGGACACTTTCCGTTCTTTCTTGCGCGGTAGAAAGAGCTCATTGCGGTTCAAAGCCGCTCGTGAGTTCTTTCGCTGGCATCTGCCTGTTCTGCGGTCAACTAGATTGACTCTTCCAGAATTAGGTTTTAGAGGCCTCCTTGCTTGGAGAATGGGAGTGTTGTTTGACTTCCCCGTTCATCGTTCAGCTTTTTCCGTTCCACGTTTACCAAAAAAACATAACGTTGTTTTCTCTTCTGAGAAAGTGACGTTTGTTTCAGAGGCTACATTGAGCGCTGAGTTGAAAGAAATGAACGGCCGAGAGATGGCGGCGTGGAAGTTCGGAATTAGTTGGCGATGCGTCGAGTCCGAGTACACCTCCCGGTGTATTCGTCGATGCATCGCTCTCTCTGCGATTCGTGGTTCGTCCGGACCATGTTTTAAGGAGCTTCTAGCACCGGGCTTCGGCGTCCGTGTTTCGCCGCTATCGCGGCGGGAGTGGCAGGATGAATTCCTGGCACAAAAAGAGTGTCGGGAGGAGTCGTATCCTCTATTTTCGGACATCCTCTGCTTGCAGAGGTTGGAAGATTATGATGAGGGTCCTCCTCCACCTTACGTTGATGTCTGCTCTGAGGCTGACGTCGTCGTGGGTGAAAGCCTCCGTAAGGAGGTTAAGTAACCTACTATCACCGAGGTTGTCGTCTGGTCCGTCAGGAACAGGGTTCAACTCACTCTCCAACCTGGTGCCTTGCGCGCGTCCCGGGTCCCCGTAAGGGGGCGGCCGGACGGGTGCTCCAGGCAGTGACGGCCCATGGCGCAAGCCATGTAAGTAGTTGCGAGGTGCGGGAACGCATCGACCCATGCGACAAGTCGCTTGGGTTTAGCGGAGCGCAATACATCGCTCGATCTTCGCCGAAAGCGAAGGCGACCTTGATCGGTCAGGTGTGTTGGTCACTAAGTATAGGATTGTCCTCGCGGATAATCAGCTTAGCAGCCTTCGGGCAAGTGCCCAAACGCAAAAGAGAGTGGGGGAAATGGCCGGGTTAACCCGCAAGGGGCTACAAAGTCTCGGGCGGCGACTGGAAAGAAGGACGTAGGGCGTGTTGTAGGACACCCTGAACCTTTGTGGTAGTGAC
BLASTX,I1-2_2578,24,475,AFV34742,"RNA-dependent RNA polymerase, partial [Grapevine rupestris stem pitting-associated virus]",Grapevine rupestris stem pitting-associated virus,97.5,1,100,7,9.60398e-95,313.923,196400,Viruses;ssRNA viruses;Betaflexiviridae;Foveavirus;Grapevine rupestris stem pitting-associated virus,CTTGTCACTAGAACTTATCACAAATTCAGATCCATACCTGCTAACATCACGACTAGTTACAAATCTATTTATGAGTGCTACTAAGCTGAGATCCTTGTTCCTTTTTTTTAAAAACTGCAGCTTAAAATCCTTGATTCCTACAAAATAAAATGAGTTATTAACATAACTAGGTAAAACATTGTACAGGATGTGATTTTCTAAAGTCTTGCAGACTGGGTGTGAGTGAGGTCTAAAGCTGTAAGGGCTTAGATAAATGCCAGAGGATATCAACCTTTCTTTACTTCTATCGGACAATGCGAAAGAGAACAAATTGTGCTGACTTTCCTCTGTATCCACCAATGCCTTGAGAGCTGTAGCGGAAACTCTGGATTGTTCATCAGAGGTGAATTTTGCGAGCACCTCTTCAACAGCAGGCCTATAAGAGAGGGCCATTGCGTTGCAATTATATTCAAGGAATATTACTGCAATGCAGATT
BLASTX,I1-2_36,200,1813,ARO70119,replicase [Grapevine rupestris stem pitting-associated virus],Grapevine rupestris stem pitting-associated virus,96.5,1,100,28,0.0,1183.7,196400,Viruses;ssRNA viruses;Betaflexiviridae;Foveavirus;Grapevine rupestris stem pitting-associated virus,CCCCAAACTTCCAGCTCACCTCATATTCTGGTGTTATAATGATCAGTCTCACATGGTGCCTAACACAGAATAAGGCAATCATTTCATTTTCTGCATAAGCATTTTCACCAAGTTGCTTCCGTATGGTTGGGTCCGAAAGAGCTGGATCAACTGGTGATTCGCTTTCCACGAACGACCTTATTCCTGCCTTCAAAGCCAGACCGTCGGTGCTGAGAAGAAAGCCAACTGAGTGCCAAAAGCAGTTACCATCACCAGGCACAGTAAAAGTGTTGAAGTCTTCAATTTCGAAATCAGCTGATGCCTCAATTTGGCAGCCCAATAACAACTCCCTCGACCCGGAAAATGAGCATGCAGATTTGTGAACTCTTAGCTTGCCTGTGGATCTGACTGGGGCCCTGTAAGATATCACAAAGATGGAACCATCTTCCATCTTTTTAATACAGAAATCCCCTTTAAAAACTTCAAATGATCCCAAGATTTTTGGACCGTAGTCAGTTTCTAAAGAAAGGGCCCCTTCAAGGACAAGGATCGACTGTTTCTTGCTTCTTGGCATGGCCAGAACTTGTGACAGGCCGGTCCCAGTAGTGGCGAATACGACCCTATCACACTTACCCAAACCTTGGGCACCTAGAGCTAACTTGAGATTGTTTATCAGATCCTTGAACTTGTGAAAGTTATGACAAGAAAAGCAAGAACAAAGATCTGATGTAAAGCTTGTGCCATTAATTGAAATGGATTTCTTGATCCCATGGAGGCCCATTTGCCACATGTTGCGATCAAGCTTCTCATGATTTTGCTCAATAGGCACTTGGGGGCCAATAAAAACTTGGTCATCATCTTCTAATTTTTGGCGTCGGAATGTCAAAGACACTCTCCCACTCAGGCAATTGGAAACACCATGGAAAAAGTTGCTCTGCATACCCCTAGGCATCTCAAAGAACTCGCCAGGTTCAATTGTCAGGCTGCAATGGTTTCCTTCAACTAGATTTCTAGTCTTACTAACTGTGAAAGTGGCTGAACCGATTAGATTGACAGTCAAAACTTTATGTCCAGGCTCATAACAACTTTCATCATCCTTATGCAAGGCCAACTTAGAATTCTCCTCGTACATTTGGACTAGGCATGAGTTATAATAACTACGGCCACCAGTGAAGCTGAGAATTTCATCAAGAAATTTTGGCCAACCGAGGCTTGTATGGCTGCCCCCATTGTAGCTATAGCTCAGGATACCAGGTTTTGAAAAGAAGGAAGCTCGCCTTCCCCTTAGTTTGTCATTGAAGCTAATGTTCTTCACTACCCAATCAAAGGGCTTTGGTAAGACTCCAATCGGAATTTTTAATTCCTCAAGACAAAAACATCTTTCAAATTTCTCGATGGACGGTGGAGCCAAAACAATGCAAAGAGCATCATTTGCGGGATGGGCACATTCAGCTTGCTCTACGGTCCTGAATTCTTGACAGTCTTCTGATAATGATAATCCAGATGTTACATCATTGGCTAGAGTGGGATTTGGTAACTCATCATCTGACATGAGGTGAAAATCAGAACAAAGCTGCGGGGAAGAGTGATTAATATATACTTTAGCTAAGCCCGATGAAGCATCTGGAGACAAAGCTTGAAGAACAACTGACTTGTAGATTTTTGCAACCCCACAGGAGAGTTCAACAAAGGAGGTTTCACCACATTTTAGAAATTTCAAATTGACTCTCTGCTTAAGAAGAAACCACTGAAGGCCACAAAAATGGAAGAACTTGGTGCGAGCCTTTAAATGTTTAGCAAGCCTTGACCTGTATGAATTTTTCAGCTCATTTAG
BLASTX,I1-2_2157,16,514,ARO69993,replicase [Grapevine rupestris stem pitting-associated virus],Grapevine rupestris stem pitting-associated virus,99.4,1,100,8,1.58569e-107,350.903,196400,Viruses;ssRNA viruses;Betaflexiviridae;Foveavirus;Grapevine rupestris stem pitting-associated virus,CTCAAGAGGAGGAACAAAGATCTCAGTTTAATAGCTCTCATCAATAGATTTGTCACTAGTAAAGATGTGAGTCGTTACGGTTCAGAATTCGTGATAAGCTCTAGTGATAAGTCTAACCATGTTGTCAGCAAGAAGGGGATTGGCGATTCTGACTCACTCAAGAAATTGGTTCCTCGCGTTATCTCTACCGGTGCAAGGAATCTTTTTCTTCATGATGAGATCCATTACTGGTCTATACGTGATCTTATCACCTTCCTGGAAGTGGTTAGACCCAACATGCTTCTTGCAACAGCTGTGATACCTCCCGAAATCCTTGTTGGTTCTCCTGAAAGTTTAAACCCTTGGGCTTACCAGTATAGAATTTCTGAGGGTCAAATACTCTTTGCTCCGGATGGTAACTGGTGTGAAATGTATTCACAACCATTGTCAAGTAGGTATTTGCTTAAGGCTAGATCTGTGGTCTTATCGGATGGTTCACGCTATGCGGTCGATGTCCTCCATTCAAAATTCTGCC
BLASTX,I1-2_333,48,1043,YP_009336561,hypothetical protein 3 [Hubei tombus-like virus 40],Hubei tombus-like virus 40,42.1,1,100,56,4.03098e-75,256.914,1923289,Viruses;unclassified RNA viruses;;;Hubei tombus-like virus 40,GGGGAAACCATCAGCAATTGATTGGGCATGAACGTTCTCCCAATGAATTTGCATTTTTACAGATATGCCAGTGCGCAAGGCAAAGGCATAACGAACACATGGATCGATTTCATGGGTGGCTGTCAAGTCGGTTTTACTCAACTTGAGGTCGGTTAAGAGAAAGCGGCCGTCCTTCACCTTGGGCATCGCCTTCTCTATGTTCCGAGTGCTGCCATATCTCTTGATGATCGCTTTGCAGATGGCGCCAACAATGGGCACATGGCCGTCCGTGTAGTTGTAACTCAAGGCCTTGGCCAAGAGTAGAACCTCAGCATCACCTTTTGAAATGGTGATGTGGAATTTGGACAGCGTTCTGAGTGGATCACAGTAAGACATGACTGTGTTAGCCGGGGACTTGACAAGAAACCTGCCACAAAAGCTGGTTTGATCGAAGTCCTCCGTAACAAAAGACTTGATACGGAATCCCATACAATCGAAAAGCTGGGTACGAACATGTAAATGCGCATTGGGTGAATCGAGCCCGATGAGCCCGTCATCACCCTCGTGAATCGACGTGAACTGTGAACGGTTCAAGTCGTTGAACACGAACCACGTGTTGAAGTAATTGATGAGCCCATTCGCGATTGACGTGTGGGAATCACCTGAACACCTGGTTCCAAGGATGTGGTATGAGAGTCCAGAACCGGACACACCGAACGTGTCGGCAGCCAGCTCTAGAGCTCTACTGAGATCATCGTCGTTCGGGAAGAACGCGGTAAGAATCGGGTCTTGAACACACCTGATCCAATCATAGGAGATGGTCATGTCAAATCTGGAATAGTCAGTTTCCACAAAAGTGTGAAAGTCCAGAAAACGATCCATCTTCCTGTCTCGATCATTGGGCCGGCAACCTTTCACTAGGAAAGGCGCCTCGTGCAATTGGTTTTCAATTGCAGCGATATATGGGCCAATGATAGCGAGGAACATATCCGATCGCGGGGATATGTTTCGTGGGTCAGTCATCTTAGTGCTGGTTTCTGTTTTGAGAAAGCACTTTGTGATTG
BLASTX,I1-2_5621,8,270,AWU58288,"replicase, partial [Grapevine rupestris stem pitting-associated virus]",Grapevine rupestris stem pitting-associated virus,98.9,1,99,16,6.8221e-53,185.267,196400,Viruses;ssRNA viruses;Betaflexiviridae;Foveavirus;Grapevine rupestris stem pitting-associated virus,GATATAAGAATCCCTCCATGCTTGAAGTTCAACCCAGTAGATTCACCGAAAGTAAGCGTGAGTTGCTTCATTCCAAAGTAGGACTGGACGATTTTCTTTTCTTCAAAGCTTGAAACTAGGATGGCATCCAAAGGGCCCTTTGATCTAGCTAAGAGGAAATCATGCATATTGTGGAAAATGGCGTAATCAGCAAAAGCGGCAGTCATGGAGCCCCTTTTGAAGTTACAGGGTAATCTTGAATCAAACATCGGATTTACGAACCTCCGGCTC
BLASTX,I1-2_314,210,1061,ARO70119,replicase [Grapevine rupestris stem pitting-associated virus],Grapevine rupestris stem pitting-associated virus,99.7,1,98,16,0.0,707.597,196400,Viruses;ssRNA viruses;Betaflexiviridae;Foveavirus;Grapevine rupestris stem pitting-associated virus,CGGCAGATTCCTTATCAGGCTTTTTGAGGGTTCTCAAATAAAGATATATTTTAGTAACAACATCATGATGCACCGGAAAGCAGCTATGCATCCCGCGACTTAGAGGCTCCAGATCCTTAATGCCAATGGCGTCAAAACCAGAGAAACACCGAATGTTAGAAACTAGAAGATTATTGATTGGGGTGAAGCTCAATAAGTGATGGCAGAATTTTGAATGGAGGACATCAACCGCATAGCGTGAACCATCAGACAAGACCACAGATCTAGCTTTAAGCAAATACCTACTTGACAATGGTTGTGAATACATTTCACACCAGTTACCATCCGGAGCAAAGAGCATTTGGCCCTCAGAAATTCTATACTGGTAAGCCCAAGGGTTTAAGCTTTCAGGAGAGCCAACAAGAATTTCAGGGGGTATTACAGCCGTTGCAAGAAGCATGTTGGGCCTAACCACTTCCAGGAAGGTGGTGAGATCACGTATGGACCAGTAATGAATTTCATCATGGAGAAAAAGATTCCTTGCACCTGTAGAGATCACACGAGGGACCAATTTCTTGAGCGAGTCAGAATCACCAATTCCCTTCTTGCTGACAACATGGTTAGACTTATCACTAGAGCTTATCACAAATTCCGAACCGTAACGACTTACATCTTTACTAGTGACAAACCTATTGATGAGGGCTATTAAACTAAGATCCTTGTTCCTTCTCTTGAGAAATTGGAGCTTAAAATCCTTAATTCCTACAAAGTAAAATGAATTATTAACATAACTAGGCAAAACATTGTACAAAATGTGATTTTCTAAAGTTTTACAGACAGGATGCGAATGAGGCATAAAACTATAAGGACTCAAATAGATACCAGAGGATATTAGCCTTTCCTTGCACCTATCGGGGAGTGCGAAAGAGAACAAGCTGTGCTGACTTTCCTCTATATCTACTAACGCTTTAAGAGCTGTAGCTGAAACCCTGGATTGTTCATCAGAGGTGAATTTTGCGAGCACCTCTTCAACAGCTGGCCTGTAAGAAAGAGCCATCACGTTGCAATTATATTCAAAGAAT
BLASTX,I1-2_5120,18,318,BAF34849,"RNA-dependent RNA polymerase, partial [Grapevine rupestris stem pitting-associated virus]",Grapevine rupestris stem pitting-associated virus,99.1,1,100,40,7.4118e-69,220.32,196400,Viruses;ssRNA viruses;Betaflexiviridae;Foveavirus;Grapevine rupestris stem pitting-associated virus,GCCATAATGAGATTTACGGGTGAAGCCAGTACCTTTTTGTTCAACACAATGGCGAATATGTTGTTTACCTTTTTAAGGTATGAACTGACAGGGTCCGAGTCAATTGCGTTTGCAGGCGATGATATGTGCGCTAACAGCAGATTGAGGCTCAAAACTGAACATGAAGGGTTCCTAAACATGATTTGTCTCAAAGCTAAAGTGCAATTTGTCACAAACCCCACATTTTGTGGATGGTGCTTATTTAAAGAAGGGATCTTTAAGAAACCCCAACTCATTTGGGAGAGAATTTGCATTGCTCGTGAAATGGGTAACCCGGAG
BLASTX,I1-2_3154,8,426,NP_835337,replicase [Grapevine rootstock stem lesion associated virus],Grapevine rootstock stem lesion associated virus,97.9,2,99,6,1.51368e-68,288.1013,167634,Viruses;ssRNA viruses;Closteroviridae;Closterovirus;Grapevine rootstock stem lesion associated virus,GGCCATTGCTTCACCGAACATGGAAGCCGAGGTAAAGCGGTCGCAAGTCGAGAAATTATAGTTCCGCGCTTCGAAAGAATAGAGATTCTCTTGCAAGGAAGGCTTTCTGCGCGGAATCGCCTGCGACCGCACTACGCTAAACACGCTGCTTATCGTGATCAGTGATGTTGCTGGAAGAGATGTTATCTCGCACAACAATACCGCTAGCGCCGCACTCGAAAGGTCCTATGCTAAAATCTGCAGAGAGATCACCGAAATCAATCACAGTAGTGCCGGGGTTAACATCGCTCAAAAAGTCGTTAATGACACTTAGAGGCGCTGAGGAGGCTTTGCACCTACTATTATCTTCCACATCTTTCTTGATGTCCAGATTGATGACGCTACCGCCGAAGGAAGTCGGGAAGACGCGAAATTTATTCACCAATT
BLASTX,I1-2_44,102,1757,SBQ28480,RNA dependent RNA polymerase [Magnaporthe oryzae ourmia-like virus],Magnaporthe oryzae ourmia-like virus,38.8,1,89,86,7.98133e-91,305.449,1858671,Viruses;ssRNA viruses;;Ourmiavirus;Magnaporthe oryzae ourmia-like virus,CTTCTGTCAAGCTACTCTCTCAAGGAAGTAGTTTACCCGGGTCGTCACTTATTAATGACTTCATCAAAGAAGTCACTAGGTGCCGTGGGATGTCCTGTTATGGGGCGCTTAAAGGAGTTTGTGGGTGCGATAGGGGAACCTTACGGTCTGTCCCTACCTCTTCCCGATCTCCAGGCCGTTCCATTCCAGGATCGTTTGTCGCTTCTCAAGAAATTCTGTGGAGGATTTCTTGAGAAGCCGGTTTGTCATCTGTGGCATCGTCCAACGATGCATCTTGCTCGCAAGAGCAGGATGTCCATCGCGATGTCACTCTTTCTTTTCCGCAAGGTGTTACCTTCGGAGGAGCATGACGTGGTCGAATACGCTAAGAAGATGAGTGAGGAGTCTCCGGACCCCTCACCTCGCTTTCTTCGCTTTATTCGGGAAGAGTTACCGAAGCTCTTCCACTACGGATGGGATAGGGGTATGTACGAGAATTCATCTTTGAATTCTGTGTTACCCATATCTTCGTGCCGTGGCTCTGCTCGTGCCTCCGGTGGTTGTAGAATGCTTGGGCTATCAAAAGGCTCTGACTCGTGGAATGATCGTGGATCGTTCGTCGAGCACGTTTTGACGGCGACTTCGTGTCGCAAGCTCAGGCCGTCTCAACTTTTGCAGGTTGAGACTGGCGGGAAGTATCGAATTGTGTCTAAATCTGATTTAGGCATGAATTCTTTACGTCCTCTCCATTCCGCTATCTACAACCACCTGTCCCGCTTTTCTTGGCTTTTGCGTGGAGATGCAAAAGCTTCACGATTCTCAGACTTCGTTCGGAAGCCTGGTGAAGTGTTTGTTTCAGGTGACTATGAATCAGCCACGGATAATCTCAATGGACATGTCCAGGGAGAGATTCTTAGGATGATCCTCGAACAAACAGATCATGTCCCCCAAGGGATAAAGGATCGTGCGCTGGGGTCGGTGACGTCGGAACTTGATTTCGACGGCGTGACCTACCAGCAGAGAAGGGGACAGCTGATGGGAAACCTACTCTCTTTTCCATTGCTTTGTATTGTCAACTATCTAGCTTTTAGATGGGTGGCAGGACCGAGTTGCCCCGTTAGGATAAACGGGGACGATATCGTGTTTCGGTCGAGTCCCGAAATAGCTGATCGTTGGATGGAGAGTGTTTCCCATGCGGGCCTAACCTTATCTCGTGGTAAGACGATGGTGGATAAGTCTTACTTCACTTTGAACTCGCGCATGTTTATCAGTGGATTTTCAAAGATCCATTTGGTTCCGTGCGTTAGAGCAACTGCTTTCTTTGGTTTGAAGGAGGGACCAGAAAGTCTCAAAGGACGATCGCAATCGTTCTGCGAGGGCTTCTCTGGCCATCGTCGATCTCTCTTAAGAAGCAGGTGGTTAAAGGTGAATCGCGGAGCTATCGAGTATTCGAGACGCTCCGTCACGAGGGGGTTAGGTATCAATTTTTCGTACGGAGATTTGATCCGTGCCGGCCTTTGGGACCGTGAGGCTTGGTATCTCTCTTTTGAGAGCGAGAAGGCATTGCCTCCTCGTTTATCTGTACTTTGCCAAAACGGTATCCCAGAAGGTTGGGCTTTTCGAAGTGTCGAAAAATTGAATAAGAAAGTTCGGTCTTGGGGGAAGAAGGTCGCGCCTTTGCTCGTTGAGCGGGCGTGGTCGGAAGCCTCCCTCAATGACCGAGAACAGGATTGGTCGTCCCTTGTTGTGCAAGATACCCCTTCGTGGGATTTCTTTAG
BLASTX,I1-2_3713,8,387,ABK59998,heat shock protein 70 [Grapevine leafroll-associated virus 2],Grapevine leafroll-associated virus 2,94.6,1,100,22,5.35669e-74,243.817,64003,Viruses;ssRNA viruses;Closteroviridae;Closterovirus;Grapevine leafroll-associated virus 2,CCCTTGTGAACCTGAAAGGCATGACGAGTAGAGTGCGCAACCGACTGCAACCGCCGCTCGCGGGTCAGCAACTTTCAGCACTCGATCAATTCGCCGGTGCTTCGACAAGATGTCTTCTAAACCAGGAAGATATGATGAACCACCGATCAACACCAAGTCGCACTTAACACCGCGTAACCCACCCATATTCTTGGCGTACGACTTAAGTGTGGCTTCTAAGATGTTTAAAGTTCTATTAACGTATGGGAGCATGACTGCAGTGAGAATATTTTTATTCACTCTAACGTCCTCACTCTTACCATCGACTCCTTTCAATGTGTAAACTATTTCCGCGTCGGTTTTAGATAACGACTCTTTTAAACTTGAAATGTCCAGTGAAAGATCAGG
BLASTX,I1-2_700,42,809,ARO70119,replicase [Grapevine rupestris stem pitting-associated virus],Grapevine rupestris stem pitting-associated virus,98.5,1,100,12,1.84961e-174,543.888,196400,Viruses;ssRNA viruses;Betaflexiviridae;Foveavirus;Grapevine rupestris stem pitting-associated virus,ATATATCTTTATTTGAGAACCCTCAAAAAGCCTGATAAGGAATCTGCCGAGGCGAAATTGCGTCAGCTTATCGACAAGCCTACTGGAAGGGAGATTAAATTCATTGAGGATTTTGCTTCACTTGTCATAAGTTGTGGTAGAAGTGGCTCTCTGCTAATGCCAAACATTCCAAAGCTAGTTATCTCCTTCTTTTGTAGAATGATGCCAAATGCTCTGGCTAGGCTTTCATCAAATTTTCGTGAATCCTCTTTGGACTCATTTGTGTATGCACTTGAACCTTTCAATTTTTCAATAAGCCTTATAGATATTACTCCTGACTTCTTTGAGCACCTTTTCCTATTCTCTTGTCTTAATGAACTGATAGAGGACAATGTTGAGGAGGTCATGGACAACTCATGGTTTGGGCTAAGCAATGCACAATTTGATCGTCAAAGGTGTCCTTTCTCACTTGGACCTTCACATTGGCTCAATTCTAGGTTTTCTATAGAGCATAAGTTTCTAGGAATTATCAACCATCAGGTGCTACATGCAGCCTCATCTCTGATCCCATTGTCCAGTGACCCGTCTTTTAGGCCATCTTCAAATGAGATAGATTCTGCTCTGTCAGGGATTAAGATGGCCTTGGGTGTTGCTGGACAGTCAAATCTTTTCAGATTTCTGATTGATGATGTTTTTCTAAATGAGCTGAAAAATTCATACAGGTCAAGGCTTGCTAAACATTTAAAGGCTCTCACCAAGTTCTTCCATTTTTGTGGCCTTCAGTGGTTTCTTCTTAAGCAGAGAGTCAATTTGAAATTTCTAAAATGTGG
BLASTX,I1-2_252,154,1129,AFV34742,"RNA-dependent RNA polymerase, partial [Grapevine rupestris stem pitting-associated virus]",Grapevine rupestris stem pitting-associated virus,98.9,1,100,17,0.0,740.339,196400,Viruses;ssRNA viruses;Betaflexiviridae;Foveavirus;Grapevine rupestris stem pitting-associated virus,CTCCCTCCCTGTGGGTTTTTCTATGAGTTGTCGAAGTTTTGCCTCGGCAGACTCCTTATCTGGCTTCTTGAGAGTTCTCAAATAAAGATATATCTTAGTTACAACATCATGATGTACTGGGAAGCAACTGTGCATGCCGCGGCTTAGAGGTTCAAGATCCTTTATGCCTATTGCATCGAAGCCAGAAAAACATCGCATGCTTGAGGTCAAAAGATTGCCCATAGGGGTGAAACTAAGCAAGTGGTGACTAAATTTTGAGTGAATGATGTCAACCGAGTAGCGTGAGCCATCGGGCAGAACTACAGATCTGGCCTTGAGCAGGTATCTGCATGACAAAGGTTGTGAGTACATCTCATTCCAGTTGCCATCTGGTGCGAAGAGCAGTTGGTTGCCACTGACTTTGTACTGGTAGGCCCAGGGGTTAAGACTCTCTGGAGAGCCAACCAGCACTTCTGGAGGAATTACTGCAGTTGCCAGGAGCATGCTTGGCTTGGCAACGTCCAAAAAATTGATCAGATCACTAATTGACCAGTAGTGAATCTCATCATGCAGAAAAAGGTTCCTGGCACCTGTGGAAATTACACGTGGGACCAACCTCCGGAGCGTGTTAGAATCACCAATGCCCTTTCTGCTGACAACCTGACTTGATTTGTCACTAGAACTTATAACAAACTCAGACCCATACCTACTAACATCACGACTTGTCACAAACCTATTTATGAGTGCTACCAAGCTGAGATCCTTATTTCTCCTTTTCAAGAACTGCAGCTTAAAATCCTTGATTCCTACAAAGTAAAATGAATTGTTAACATAACTAGGTAAAACATTGTACAAAATGTGATTTTCTAAAGTTTTACAAACTGGATGTGAGTGGGGTCTGAAACTGTAAGGACTTAAGTAAATACCAGAAGATATCAGCCTTTCTTTGCTTCTATCGGGCAATGCGAAAGAAAACAAATTGTGCTGACTTTCCTCTAAGTCTACTAATGCCTTGAGAGCTGTAGCAGAAACCCTGGATTGTTCATCAGAGGTGAATTTTGCGAGCACCTCTTCAACAGCAGGCCTATAAGAGAGGGCCATTACGTTGCAATTATATTCAAGGAATATTACTGCAATGCAAATTCTGTTG
BLASTX,I1-2_95,147,1486,AXL94931,replicase [Grapevine rupestris stem pitting-associated virus],Grapevine rupestris stem pitting-associated virus,100.0,1,100,23,0.0,1025.0,196400,Viruses;ssRNA viruses;Betaflexiviridae;Foveavirus;Grapevine rupestris stem pitting-associated virus,TATCACATTCTCCCCGCTCTTTGCTGTTAAAAAGTGATAGAGCGGTTTCCCAGCAAAATGCGACAGAAAGCTTTCCACCCTCAAACCGGTGATATTCACCAGATCAAGATTGTGGCTAAAACGAGATAAAGCTGTTAACCACCGGCGATCATCTGTGTGAAAGGAATCATGGGATATGAGAATCCCTCCATACTTGAAATTCAACCCAGTTGACTCACCGAAAGTGAGTGTGAGTTGCTTCATTCCAAAGTAGGACTGAACGATTTTCTTTTCTTCGAAGCTGGAAACTAGAATAGCATCCAAAGGACCCTTTGATCTAGCTAACAGGAAATCATGCATATTGTGAAAAATGGCGTAATCAGCAAAAGCAGCAGTCATGGAGCCTTTTTTGAAGTTACAGGGCAATCTTGAATCAAACATCGGATTTACGAACCTCCGGCTCTCCAAGTTGTACCTATATGACTTTCCTTCGAGCAGCCTCAATATGTCACTCTGTTCAGCACCCAAAATAGCTCTATCTTTTTGAGAATCATATGTGCTTTGACAAGGATCACCAGCAAGAGAGATGAAAGCATCACTGCGAATAACAAGAAGACATAAATCAATGTAACCAGGAGGGAATAGCTGAACTTCATCAAAGATCACACAATGACCTGCCTTTAGGCCTGTAACTTTCCTAAGGAAGACTTCAAAGGTAACGACATCCCAGCCCTCCTTCTTTGATTTGCCTGCCTTCACCACCTTACACTCTTCATCCATTTCTAGGTCCCTCTTAATTGAATTTGCTAGAGCCCGCCTAGGTGAGACAAATGTTACAAATTTTCCTTCAGATCTCTTCATGAAGCTCTTGTATAGGAAACTCTTTCCAGCCCCAAATGTACCAAGCACAACTGTCAATTCTCTTTGTTTGATGTCAGAAGTTGACACTCCAGCAAGCCAAGGCTTTGAATCGTTAAATTTCTCATCACTTATCACGCCAGTCAGACCCCCCAGCAAGCACCCCTGAAGTTTTTCCGCCCTCTCAAAACTTGGAAAATATGTTATCTTTGACCCGTTCAGAGAAAGCAGGTCAAGAGCTGATCGTTTAACTTTTCGCAGCTCATCTACCTTTATACTTTGAGGCCCGTTACCAATCTTTTCGACATGCCTAATGTGTTCATTCGTTATGTCAAACAGAGCAGATATGCGCCCGCCTGGGTTAATAACCTCAATTTCGCCATTGACATCACATTTGGCACAGATGTCGAAAGCCTCAAAAGCTTCAGCCAAATACATCATATTCAGACCCCCCCCTTGACACAGCTCTTCAAAGATGTGATTGGTGCTTGGCCTACATAAGTAATTGAGCACGTCTACCTCACGCCTTCCAAGTGCTGATGCAATGGCTGTAATCATGCAGCCATTAAGAGGGGCACAAGGTTGAAAGTGATTTGACTTCAAACACAAAATTCCACATAGAGGCCACTCATTTTCCCCAAATTTCCAG
BLASTX,I1-2_9720,0,133,AAX40975,triple gene block protein 2 [Grapevine rupestris stem pitting-associated virus],Grapevine rupestris stem pitting-associated virus,100.0,1,99,38,1.6512e-22,93.9745,196400,Viruses;ssRNA viruses;Betaflexiviridae;Foveavirus;Grapevine rupestris stem pitting-associated virus,TGACTGACCAAATATCCCTGAACTTGGGAATGACTGCCTAGGACCACAATAGGTTATACTCTTTGTGCCGTCCCTATAATGCCCTCCGTGTGGAAACTGGTGAATATTGTCACCTGAATATGGCAGATTAGAC
BLASTX,I1-2_1,571,5282,AXL94737,replicase [Grapevine rupestris stem pitting-associated virus],Grapevine rupestris stem pitting-associated virus,99.2,1,100,81,0.0,3494.13,196400,Viruses;ssRNA viruses;Betaflexiviridae;Foveavirus;Grapevine rupestris stem pitting-associated virus,GGGAGGAGTGGCTCTTTGCTTATGCCCAACATTTCTAAGTTGGTCATATCATTCTTTTGCCGGATGATGCCAAATGCACTCGCCAGGCTTTCTTCTAGCTTTCGAGAGTGTTCTCTAGATTCATTTGTGTACTCACTTGAGCCCTTTAATTTTTCCGTTAATTTAGTGGATATAACTCCTGATTTCTTTGAGCATTTATTTCTCTTCTCCTGCCTAAATGAGTTAATTGAGGAGAACGTTGAAGAGGTCATGGACAATTCTTGGTTTGGACTTGGGGACTTACAATTCAATCGCCAGAGGGCCCCGTTCTTTCTTGGGTCTTCATATTGGCTCAACTCCAAATTTTCAGTTGAGCATAAGTTTTCAGGCACCATCAATTCTCAAATCATGCAAGTCATTTTATCTTTGATCCCATTTTCTGATGATCCCACTTTTAGACCATCTTCCACAGAGGTTAACCTTGCACTATCAGAGGTTAAGGCTGCACTAGAAGCTACTGGGCAGTCAAAATTGTTCAGGTTTTTGGTGGACGACTGTGTTATGCGTGAGGTTAGAAGTTCCTATAAGGTGGGCCTTTTTAAGCACATAAAAGCCCTCACTCATTGCTTTAATTCTTGTGGCCTTCAATGGTTTCTCCTTAGGCAAAGGTCCAACCTCAAATTTCTGAAGAACAGGGCATCGTCCTTTGCTGATCTTGATTGTGAGGTTATCAAAGTTTATCAGTTTGTAACATCACAGGCAATACTTCCTGAGGCTCTGCTTAGCTTGACCAAAGTCTTTGTCAGGGATTCTGACTCAAAGGGTGTTTCCATCCCCAGATTGGTCTCGAGAAATGAGCTAAATGAACTAGCTCACCCAGCTAATTCGGCCCTTGAGGAGCCTCAATCAGTTGATTGCAATGCAGGCAGGGTTCAAGCAAGCGTTTCAAGTTCCCAGCAGCTTGCCGACACCCACTCTCTTAGTAGCGTTGAGTCATCAATTGAGACAGCTAACAAGGCTTTTAACCTGGAGGAGCTAAGGATCATGATTAGAGTCTTGCCAGAGGATTTTAACTGGGTGGTGAAGAACATTGGTTTTAAAGACAGGCTGAGAGGCAGGGGTGCATCATTCTTCTCAAAACCAGGAATTTCATGTTATAGTTACAATGGTGGGAGCCACACAAGCTTAGGGTGGCCAAAGTTCATGGATCAGATTCTAAGCTCCACTGGCGGACGTAATTACTACAATTCATGCCTGGCTCAAATCTATGAGGAAAATTCAAAATTGGCTCTTCATAAGGATGATGAGAGTTGCTATGAAATTGGGCACAAAGTTTTGACTATTAATTTAATCGGCTCAGCAACTTTCACCATTAGTAAGTCGCGAAATTTGGTTGAGGGTAATCATTGCAGCCTGACAATTGGGCCAAATGAGTTTTTCGAAATGCCTAGGGGCATGCAATGCAATTACTTCCATGGGGTTTCCAATTGTACGCCAGGGCGGGTATCCCTGACCTTTAGGCGTCAAAAGTTGGAAGATGATGATTTGATCTTCATAAATCCACAGGTGCCCATTGAGCTTAATCATGAAAAGCTTGACCGAAGTATGTGGCAGATGGGTCTTCATGGAATTAGGAAATCTATTTCTATGAATGGCACGAGTTTCACCTCTGACCTATGCTCTTGTTTCTCTTGCCACAACTTTCATAAATTTAAGGATCTCATCAACAACTTGAGATTGGCCCTAGGAGCACAAGGGCTAGGCCAGTGTGACAGGGTTGTGTTTGCAACAACAGGTCCTGGTCTATCTAAAGTTTTAGAAATGCCTCGGAGCAAAAAGCAATCAATTTTGGTTCTTGAAGGTGCCCTATCCATAGAAACAGATTATGGTCCAAAAGTCCTGGGGTCTTTTGAAGTTTTCAAAGGGGACTTTCACATTAAGAAGATGGAGGAAGGTTCCATTTTTGTAATAACGTACAAGGCCCCAATTAGATCCACTGGCAGGTTGAGGGTTCATAGTTCAGAATGCTCATTTTCCGGATCCAAGGAGGTATTGCTAGGCTGCCAGATTGAGGCATGTGCTGATTATGATATTGATGATTTTAACACTTTCTCTGTTCCTGGTGATGGCAATTGCTTTTGGCATTCTGTTGGCTTTTTACTTAGCACTGATGGACTTGCCCTAAAGGCCGGTATTCGATCTTTTGTGGAGAGTGAGCGCTTGGTAAATCCAGATCTTTCAGCCCCAGCCATTTCTAAACAATTGGAAGAGAATGCTTATGCCGAAAATGAGATGATCGCATTATTCTGCATTCGGCACCACGTAAGGCTGATAGTGATCACACCAGAATATGAAGTTAGTTGGAAATTCGGGGAAGGTGAGTGGCCCCTATGTGGAATTCTTTGCCTTAAATCAAATCACTTCCAACCATGCGCCCCACTGAATGGTTGCATGATCACAGCCATTGCTTCAGCACTTGGAAGGCGTGAAGTTGATGTGTTAAATTATCTGTGTAGACCCAGCACTAATCATATTTTTGAGGAGCTTTGTCAGGGAGGGGGTCTTAACATGATGTATTTAGCTGAAGCTTTTGAGGCCTTTGACATTTGCGCTAAATGTGATATAAATGGAGAGATTGAAGTGATTAATCCGCGTGGTAAAATTGCTGCATTGTTTGACATAACTAATGAGCACATAAGGCATGTTGAGAAAATAGGTAATGGCCCTCAGAGCATAAAAGTGGATGAATTGCGGAAGGTCAAGCGATCCGCCCTCGATTTCCTTTCAATGAATGGGTCCAAAATAACCTACTTCCCAAACTTTGAGCGGGCTGAGAAGTTGCAAGGATGTCTGCTAGGGGGCCTAACTGGCGTTATAAGTGATGAGAAGTTCAATGATGCAAAACCTTGGCTTTCTGGCATATCCACTACGGATATTAAGTCAAGGGAATTGACTGTTGTGCTTGGTACATTTGGGGCTGGGAAGAGTTTCTTGTACAAGAGTTTCATGAAAAGGTCTGAGGGTAAATTCGTAACCTTTGTTTCTCCCAGACGTGCTTTGGCAAATTCAATCAAAAATGATCTTGAAATGGATGATAGCTGCAAAGTTGCCAAAGCAGGTAGGTCAAAGAAGGAAGGGTGGGATGTAGTAACTTTTGAGGTTTTCCTCAGAAAAGTTGCAGGATTGAAGGCTGGCCACTGTGTGATTTTTGATGAGGTCCAGTTGTTTCCTCCTGGATACATCGATCTATGCTTGCTTATTATACGTAGTGATGCTTTCATTTCACTTGCCGGTGATCCGTGTCAAAGCACATATGATTCGCAAAAGGATCGGGCAATTTTGGGTGCTGAGCAGAGTGACATACTTAGACTGCTTGAGGGCAAGACGTATAGGTATAACATAGAAAGCAGGAGGTTTGTGAACCCAATGTTCGAATCAAGACTGCCATGTCATTTCAAAAAGGGCTCGATGACTGCCGCTTTCGCTGATTATGCAATCTTCCATAACATGCATGACTTTCTCCTGGCGAGGTCAAAAGGTCCTTTGGATGCCGTTTTGGTTTCCAGTTTTGAGGAGAAAAAGATAGTCCAGTCCTACTTTGGAATGAAACAACTCACACTTACATTTGGTGAATCAACTGGGTTGAATTTCAAAAATGGGGGAATTCTTATATCACATGATTCCTTTCACACAGATGATCGGCGGTGGCTTACCGCTTTATCTCGCTTCAGCCACAATTTGGATTTGGTGAACATCACAGGTCTGAGGGTGGAAAGTTTTCTCTCTCACTTTGCTGGCAAACCCCTCTACCATTTTTTAACAGCCAAAAGTGGGGAGAATGTCATACGAGATTTGCTCCCAGGTGAGCCTAACTTCTTCAGTGGCTTTAATGTTAGCATTGGAAAGAATGAAGGAGTTAGAGAGGAGAAGTTATGTGGTGACCCATGGTTAAAAGTTATGCTTTTCCTGGGTCAAGATGAGGATTGTGAAGTTGAAGAGATGGAGTCAGAATGCTCAAATGAAGAATGGTTTAAAACCCACATCCCCCTGAGTAATCTGGAGTCAACCAGGGCCAGGTGGGTGGGTAAAATGGCCTTGAAAGAGTATCGGGAGGTGCGTTGTGGTTATGAAGTGACTCAACAATTCTTTGATGAGCATAGAGGTGGAACTGGTGAGCAACTGAGCAATGCATGTGAGAGGTTTGAAAGCATTTACCCAAGGCATAAAGGAAATGATTCAATAACCTTCCTTATGGCTGTCCGAAAGCGTCTCAAATTTTCGAAGCCCCAGGTTGAAGCTGCCAAACTGAGGCGGGCCAAACCTTATGGGAAATTCTTATTAGATTCTTTCCTATCCAAAATCCCATTGAAAGCCAGTCACAATTCCATCATGTTTCATGAAGCAGTGCAGGAGTTTGAGGCGAAGAAGGCTAGTAAGAGTGCAGCAACTATAGAGAATCATTCAGGTAGGTCATGCAGGGATTGGCTGTTAGATGTTGCTCTGATTTTTATGAAGTCGCAACACTGTACTAAATTTGACAACAGGCTTAGAGTAGCTAAAGCTGGGCAAACCCTTGCTTGCTTCCAACATGCTGTTCTGGTTCGCTTTGCACCCTATATGAGATACATTGAGAAAAAGCTAATGCAAGCTCTGAAGCCTAACTTCTACATACATTCAGGGAAAGGTCTCGACGAGCTGAACGAATGGGTCAGGACTAGAGGATTCACTGGAATTTGCACAGAATCAGACTACGAGGCCTTTGATGCTTCCCAAGACCACTTCATCCTAGCATTTGAATTGCAGATAATGAAATTTTTGGGATTGCCTGAAGATCTAATTTTGGACTATGAATTCATTAAAATTCATTTGGGATCAAAGCTCGGATCATTCTCTATAATGAGGTTCACTGGGGAAGCCAGCACATTTCTGTTTAACACTATGGCTAACATGTTGTTCACCTTCCTGAGGTACGAACTGACAGGCTCTGAGTCAATAGCATTTGCAGGTGATGACATGTGTGCTAATCGAAGGTTGCGGCTTAAAACAGAGCATGAGGGTTTTCTGAACATGATCTGCCTTAAGGCCAAGGTTCAGTTTGTTTCCAATCCCACATTCTGCGGATGGTGTTTATTTAAGGAAGGGATCTTCAAGAAGCCTCAATTAATCTGGGAGCGGATATGCATTGCTAGGGAGATGGGTAACCTGGAGAATTGTATTGACAATTATGCGATAGAGGTCTCCTATGCATACCGGCTGGGAGAGCTATCCATTGAAATGATGACCGAGGAAGAAGTGGAGGCCCT
BLASTX,I1-2_5498,3,301,AQN80518,triple gene block protein 1 [Grapevine rupestris stem pitting-associated virus],Grapevine rupestris stem pitting-associated virus,100.0,1,88,40,4.78972e-56,185.652,196400,Viruses;ssRNA viruses;Betaflexiviridae;Foveavirus;Grapevine rupestris stem pitting-associated virus,TTTTAATTTGCATAGCGACAGGTCTGATGAAGTGATTACAGGTTCGCCATTTGAGTTGGATGTTGAGGGTGTGCTAATTTGCTTTGGCAAGGAGGCAGTTGATTTAGCGGCTGCGCACAATTCTGATTTCAAACTTCCTTGTGAGGTACGAGGTGCTACATTTGATGTTGTTACCCTATTGAAATCAAGGGATCCGACCTCCGATGATAAGCACTGGTTCTACATTGCTGCAACAAGACATAGAAAGAAGTTGATCATCATGCAGTGAAATGCCTTTTCAGCAACCTGCGAATTGGGCCAA
