sample_id,project,grapevine_cultivar,rootstock,plantation_year,location,substrate,extraction_method,organ,mid_sequence,mid_id,run_name,technology,run_id,date,seq_location,rna
I8_Inviceb2,Inviceb,merlot noir clone 0182,Fercal clone 0242,1999,B1 CA33 Blanquefort,total RNA,Spectrum Plant Total RNA Kit (Sigma),stem,na,na,Meta_Etio_Inviceb2_Juin_2016_toulouse,Hiseq3000 2*150,Inviceb2,6/1/16,toulouse,
I28_Inviceb2,Inviceb,Petit Verdot noir clone 400,Fercal clone 0242,2001,B4 CA33 Blanquefort,total RNA,Spectrum Plant Total RNA Kit (Sigma),stem,na,na,Meta_Etio_Inviceb2_Juin_2016_toulouse,Hiseq3000 2*150,Inviceb2,6/1/16,toulouse,
I18_Inviceb2,Inviceb,Semillon blanc clone 0910,Fercal clone 0242,1994,B2 CA33 Blanquefort,total RNA,Spectrum Plant Total RNA Kit (Sigma),stem,na,na,Meta_Etio_Inviceb2_Juin_2016_toulouse,Hiseq3000 2*150,Inviceb2,6/1/16,toulouse,
I19_Inviceb2,Inviceb,Sauvignon blanc clone 0905,Fercal clone 0242,1994,B3 CA33 Blanquefort,total RNA,Spectrum Plant Total RNA Kit (Sigma),stem,na,na,Meta_Etio_Inviceb2_Juin_2016_toulouse,Hiseq3000 2*150,Inviceb2,6/1/16,toulouse,
I21_Inviceb2,Inviceb,Sauvignon blanc clone  0108,Fercal clone 0242,2005,B3 CA33 Blanquefort,total RNA,Spectrum Plant Total RNA Kit (Sigma),stem,na,na,Meta_Etio_Inviceb2_Juin_2016_toulouse,Hiseq3000 2*150,Inviceb2,6/1/16,toulouse,
I23_Inviceb2,Inviceb,Sauvignon gris clone 0917,Fercal clone 0242,1995,B3 CA33 Blanquefort,total RNA,Spectrum Plant Total RNA Kit (Sigma),stem,na,na,Meta_Etio_Inviceb2_Juin_2016_toulouse,Hiseq3000 2*150,Inviceb2,6/1/16,toulouse,
I29_Inviceb2,Inviceb,merlot noir clone 0343,Fercal clone 0242,2004,C CA33Blanquefort,total RNA,Spectrum Plant Total RNA Kit (Sigma),stem,na,na,Meta_Etio_Inviceb2_Juin_2016_toulouse,Hiseq3000 2*150,Inviceb2,6/1/16,toulouse,
I34_Inviceb2,Inviceb,cabernet sauvignon noir clone 0412,Fercal clone 0242,2002,D CA33 Blanquefort,total RNA,Spectrum Plant Total RNA Kit (Sigma),stem,na,na,Meta_Etio_Inviceb2_Juin_2016_toulouse,Hiseq3000 2*150,Inviceb2,6/1/16,toulouse,
I35_Inviceb2,Inviceb,cabernet sauvignon noir clone 0412,Fercal clone 0242,2010,D CA33 Blanquefort,total RNA,Spectrum Plant Total RNA Kit (Sigma),stem,na,na,Meta_Etio_Inviceb2_Juin_2016_toulouse,Hiseq3000 2*150,Inviceb2,6/1/16,toulouse,
I37_Inviceb2,Inviceb,cabernet sauvignon noir clone 1125,Fercal clone 0242,2010,D CA33 Blanquefort,total RNA,Spectrum Plant Total RNA Kit (Sigma),stem,na,na,Meta_Etio_Inviceb2_Juin_2016_toulouse,Hiseq3000 2*150,Inviceb2,6/1/16,toulouse,
I38_Inviceb2,Inviceb,Petit Verdot noir  clone 1058,Fercal clone 0242,2002,A CA33 Blanquefort ,total RNA,Spectrum Plant Total RNA Kit (Sigma),stem,na,na,Meta_Etio_Inviceb2_Juin_2016_toulouse,Hiseq3000 2*150,Inviceb2,6/1/16,toulouse,
I42_Inviceb2,Inviceb,Merlot noir clone 0348,Fercal clone 0242,1985,INRA I14 OU I11,total RNA,Spectrum Plant Total RNA Kit (Sigma),stem,na,na,Meta_Etio_Inviceb2_Juin_2016_toulouse,Hiseq3000 2*150,Inviceb2,6/1/16,toulouse,
I45_Inviceb2,Inviceb,Cabernet sauvignon noir clone 1124,na,na,IFV,total RNA,Spectrum Plant Total RNA Kit (Sigma),stem,na,na,Meta_Etio_Inviceb2_Juin_2016_toulouse,Hiseq3000 2*150,Inviceb2,6/1/16,toulouse,
I44_Inviceb2,Inviceb,Cabernet  sauvignon noir clone 0337,na,na,IFV,total RNA,Spectrum Plant Total RNA Kit (Sigma),stem,na,na,Meta_Etio_Inviceb2_Juin_2016_toulouse,Hiseq3000 2*150,Inviceb2,6/1/16,toulouse,
I47_Inviceb2,Inviceb,Cabernet Franc noir clone 0214,na,na,IFV,total RNA,Spectrum Plant Total RNA Kit (Sigma),stem,na,na,Meta_Etio_Inviceb2_Juin_2016_toulouse,Hiseq3000 2*150,Inviceb2,6/1/16,toulouse,
I46_Inviceb2,Inviceb,Cabernet sauvignon noir clone 1125,na,na,IFV,total RNA,Spectrum Plant Total RNA Kit (Sigma),stem,na,na,Meta_Etio_Inviceb2_Juin_2016_toulouse,Hiseq3000 2*150,Inviceb2,6/1/16,toulouse,
I52_Inviceb3,Inviceb,Merlot noir clone 0181,na,na,IFV,total RNA,Spectrum Plant Total RNA Kit (Sigma),stem,na,na,Meta_Etio_Inviceb3_Septembre_2016_toulouse,Hiseq3000 2*150,Inviceb3,9/1/16,toulouse,
I53_Inviceb3,Inviceb,Merlot noir clone 0182,na,na,IFV,total RNA,Spectrum Plant Total RNA Kit (Sigma),stem,na,na,Meta_Etio_Inviceb3_Septembre_2016_toulouse,Hiseq3000 2*150,Inviceb3,9/1/16,toulouse,
I57_Inviceb3,Inviceb,Petit Verdot noir clone 400,na,na,IFV,total RNA,Spectrum Plant Total RNA Kit (Sigma),stem,na,na,Meta_Etio_Inviceb3_Septembre_2016_toulouse,Hiseq3000 2*150,Inviceb3,9/1/16,toulouse,
I58_Inviceb3,Inviceb,Petit Verdot noir clone 1058,na,na,IFV,total RNA,Spectrum Plant Total RNA Kit (Sigma),stem,na,na,Meta_Etio_Inviceb3_Septembre_2016_toulouse,Hiseq3000 2*150,Inviceb3,9/1/16,toulouse,
I59_Inviceb3,Inviceb,Sauvignon noir clone 108,na,na,IFV,total RNA,Spectrum Plant Total RNA Kit (Sigma),stem,na,na,Meta_Etio_Inviceb3_Septembre_2016_toulouse,Hiseq3000 2*150,Inviceb3,9/1/16,toulouse,
I62_Inviceb3,Inviceb,Sauvignon noir clone 906,na,na,IFV,total RNA,Spectrum Plant Total RNA Kit (Sigma),stem,na,na,Meta_Etio_Inviceb3_Septembre_2016_toulouse,Hiseq3000 2*150,Inviceb3,9/1/16,toulouse,
I66_Inviceb3,Inviceb,Semillon noir clone 910,na,na,IFV,total RNA,Spectrum Plant Total RNA Kit (Sigma),stem,na,na,Meta_Etio_Inviceb3_Septembre_2016_toulouse,Hiseq3000 2*150,Inviceb3,9/1/16,toulouse,
I67_Inviceb3,Inviceb,Cabernet Sauvignon noir clone 1124 Assaini ,na,na,IFV,total RNA,Spectrum Plant Total RNA Kit (Sigma),stem,na,na,Meta_Etio_Inviceb3_Septembre_2016_toulouse,Hiseq3000 2*150,Inviceb3,9/1/16,toulouse,
I3-2_Inviceb3,Inviceb,Cabernet Sauvignon noir clone 0015,Fercal clone 0242,1992,B1 CA33 Blanquefort,total RNA,Spectrum Plant Total RNA Kit (Sigma),stem,na,na,Meta_Etio_Inviceb3_Septembre_2016_toulouse,Hiseq3000 2*150,Inviceb3,9/1/16,toulouse,
I4-2_Inviceb3,Inviceb,Cabernet Sauvignon  noir clone 0337,Fercal clone 0242,1992,B1 CA33 Blanquefort,total RNA,Spectrum Plant Total RNA Kit (Sigma),stem,na,na,Meta_Etio_Inviceb3_Septembre_2016_toulouse,Hiseq3000 2*150,Inviceb3,9/1/16,toulouse,
I15-2_Inviceb3,Inviceb,Merlot noir clone 0347,Fercal clone 0242,1999,B2 CA33 Blanquefort,total RNA,Spectrum Plant Total RNA Kit (Sigma),stem,na,na,Meta_Etio_Inviceb3_Septembre_2016_toulouse,Hiseq3000 2*150,Inviceb3,9/1/16,toulouse,
I1-2_Inviceb4,Inviceb,Petit Verdot noir clone 1058,Fercal clone 0242,2005,A CA33 Blanquefort ,total RNA,Spectrum Plant Total RNA Kit (Sigma),stem,na,na,Meta_Etio_Inviceb4_Novembre_2016_toulouse,Hiseq3000 2*150,Inviceb4,11/1/16,toulouse,
I2-2_Inviceb4,Inviceb,Merlot noir clone 0343,Fercal clone 0242,25-Jun,B CA33 Blanquefort,total RNA,Spectrum Plant Total RNA Kit (Sigma),stem,na,na,Meta_Etio_Inviceb4_Novembre_2016_toulouse,Hiseq3000 2*150,Inviceb4,11/1/16,toulouse,
I3-2_Inviceb4,Inviceb,Cabernet Sauvignon noir clone 0015,Fercal clone 0242,1992,B1 CA33 Blanquefort,total RNA,Spectrum Plant Total RNA Kit (Sigma),stem,na,na,Meta_Etio_Inviceb4_Novembre_2016_toulouse,Hiseq3000 2*150,Inviceb4,11/1/16,toulouse,
I15-2_Inviceb4,Inviceb,Merlot noir clone 0347,Fercal clone 0242,1999,B2 CA33 Blanquefort,total RNA,Spectrum Plant Total RNA Kit (Sigma),stem,na,na,Meta_Etio_Inviceb4_Novembre_2016_toulouse,Hiseq3000 2*150,Inviceb4,11/1/16,toulouse,
I17-2_Inviceb4,Inviceb,Sauvignon Gris clone 0917,Fercal clone 0242,1994,B2 CA33 Blanquefort,total RNA,Spectrum Plant Total RNA Kit (Sigma),stem,na,na,Meta_Etio_Inviceb4_Novembre_2016_toulouse,Hiseq3000 2*150,Inviceb4,11/1/16,toulouse,
I24-2_Inviceb4,Inviceb,Sauvignon blanc clone 0906,Fercal clone 0242,1994,B3 CA33 Blanquefort,total RNA,Spectrum Plant Total RNA Kit (Sigma),stem,na,na,Meta_Etio_Inviceb4_Novembre_2016_toulouse,Hiseq3000 2*150,Inviceb4,11/1/16,toulouse,
I41-2_Inviceb4,Inviceb,Cabernet Sauvignon noir clone 0337,Fercal clone 0242,1984,INRA I9,total RNA,Spectrum Plant Total RNA Kit (Sigma),stem,na,na,Meta_Etio_Inviceb4_Novembre_2016_toulouse,Hiseq3000 2*150,Inviceb4,11/1/16,toulouse,
I54-2_Inviceb4,Inviceb,Merlot noir clone 343,na,na,IFV,total RNA,Spectrum Plant Total RNA Kit (Sigma),stem,na,na,Meta_Etio_Inviceb4_Novembre_2016_toulouse,Hiseq3000 2*150,Inviceb4,11/1/16,toulouse,
I55-2_Inviceb4,Inviceb,Merlot noir clone 347,na,na,IFV,total RNA,Spectrum Plant Total RNA Kit (Sigma),stem,na,na,Meta_Etio_Inviceb4_Novembre_2016_toulouse,Hiseq3000 2*150,Inviceb4,11/1/16,toulouse,
I68-2_Inviceb4,Inviceb,Gravesac clone 0264,na,na,IFV,total RNA,Spectrum Plant Total RNA Kit (Sigma),stem,na,na,Meta_Etio_Inviceb4_Novembre_2016_toulouse,Hiseq3000 2*150,Inviceb4,11/1/16,toulouse,
I9_Inviceb5,Inviceb,Petit Verdot noir clone 400,Fercal clone 0242,1999,B1 CA33 Blanquefort,total RNA,Spectrum Plant Total RNA Kit (Sigma),stem,na,na,Meta_Etio_Inviceb5_fevrier_2017_toulouse-ARNtot,Hiseq3000 2*150,Inviceb5,2/1/17,toulouse,totRNA
I22_Inviceb5,Inviceb,Sauvignon blanc clone 0108,Fercal clone 0242,2006,B3 CA33 Blanquefort,total RNA,Spectrum Plant Total RNA Kit (Sigma),stem,na,na,Meta_Etio_Inviceb5_fevrier_2017_toulouse-ARNtot,Hiseq3000 2*150,Inviceb5,2/1/17,toulouse,totRNA
I27_Inviceb5,Inviceb,Sauvignon blanc clone 0530,Fercal clone 0242,2006,B3 CA33 Blanquefort,total RNA,Spectrum Plant Total RNA Kit (Sigma),stem,na,na,Meta_Etio_Inviceb5_fevrier_2017_toulouse-ARNtot,Hiseq3000 2*150,Inviceb5,2/1/17,toulouse,totRNA
I30-2_Inviceb5,Inviceb,Cabernet sauvignon noir clone 0169,Fercal clone 0242,2004,C CA33Blanquefort,total RNA,Spectrum Plant Total RNA Kit (Sigma),stem,na,na,Meta_Etio_Inviceb5_fevrier_2017_toulouse-ARNtot,Hiseq3000 2*150,Inviceb5,2/1/17,toulouse,totRNA
I31_Inviceb5,Inviceb,Merlot noir clone 0347,Fercal clone 0242,2004,C CA33Blanquefort,total RNA,Spectrum Plant Total RNA Kit (Sigma),stem,na,na,Meta_Etio_Inviceb5_fevrier_2017_toulouse-ARNtot,Hiseq3000 2*150,Inviceb5,2/1/17,toulouse,totRNA
I32-2_Inviceb5,Inviceb,Cabernet sauvignon noir clone 0169,Fercal clone 0242,2002,D CA33 Blanquefort,total RNA,Spectrum Plant Total RNA Kit (Sigma),stem,na,na,Meta_Etio_Inviceb5_fevrier_2017_toulouse-ARNtot,Hiseq3000 2*150,Inviceb5,2/1/17,toulouse,totRNA
I33_Inviceb5,Inviceb,Cabernet Franc noir clone 0327,Fercal clone 0242,2002,D CA33 Blanquefort,total RNA,Spectrum Plant Total RNA Kit (Sigma),stem,na,na,Meta_Etio_Inviceb5_fevrier_2017_toulouse-ARNtot,Hiseq3000 2*150,Inviceb5,2/1/17,toulouse,totRNA
I36_Inviceb5,Inviceb,Cabernet sauvignon noir clone 1124,Fercal clone 0242,2010,D CA33 Blanquefort,total RNA,Spectrum Plant Total RNA Kit (Sigma),stem,na,na,Meta_Etio_Inviceb5_fevrier_2017_toulouse-ARNtot,Hiseq3000 2*150,Inviceb5,2/1/17,toulouse,totRNA
I49_Inviceb5,Inviceb,Cabernet sauvignon noir clone 0015,na,na,IFV,total RNA,Spectrum Plant Total RNA Kit (Sigma),stem,na,na,Meta_Etio_Inviceb5_fevrier_2017_toulouse-ARNtot,Hiseq3000 2*150,Inviceb5,2/1/17,toulouse,totRNA
I64_Inviceb5,Inviceb,Semillon blanc clone 315,na,na,IFV,total RNA,Spectrum Plant Total RNA Kit (Sigma),stem,na,na,Meta_Etio_Inviceb5_fevrier_2017_toulouse-ARNtot,Hiseq3000 2*150,Inviceb5,2/1/17,toulouse,totRNA
I74_Inviceb5,Inviceb,na,S.O.4. clone 0762,na,IFV,total RNA,Spectrum Plant Total RNA Kit (Sigma),stem,na,na,Meta_Etio_Inviceb5_fevrier_2017_toulouse-ARNtot,Hiseq3000 2*150,Inviceb5,2/1/17,toulouse,totRNA
I75_Inviceb5,Inviceb,na,S.O.4. clone 0762 assaini ,na,IFV,total RNA,Spectrum Plant Total RNA Kit (Sigma),stem,na,na,Meta_Etio_Inviceb5_fevrier_2017_toulouse-ARNtot,Hiseq3000 2*150,Inviceb5,2/1/17,toulouse,totRNA
I76_Inviceb5,Inviceb,na,Riparia Gloire de Montpellier clone 0001,na,IFV,total RNA,Spectrum Plant Total RNA Kit (Sigma),stem,na,na,Meta_Etio_Inviceb5_fevrier_2017_toulouse-ARNtot,Hiseq3000 2*150,Inviceb5,2/1/17,toulouse,totRNA
I77_Inviceb5,Inviceb,na,420 A clone 241,na,IFV,total RNA,Spectrum Plant Total RNA Kit (Sigma),stem,na,na,Meta_Etio_Inviceb5_fevrier_2017_toulouse-ARNtot,Hiseq3000 2*150,Inviceb5,2/1/17,toulouse,totRNA
I9_Inviceb5,Inviceb,Petit Verdot noir clone 400,Fercal clone 0242,1999,B1 CA33 Blanquefort,mRNA,Spectrum Plant Total RNA Kit (Sigma),stem,na,na,Meta_Etio_Inviceb5_fevrier_2017_toulouse-ARNm,Hiseq3000 2*150,Inviceb5,2/1/17,toulouse,mRNA
I22_Inviceb5,Inviceb,Sauvignon blanc clone 0108,Fercal clone 0242,2006,B3 CA33 Blanquefort,mRNA,Spectrum Plant Total RNA Kit (Sigma),stem,na,na,Meta_Etio_Inviceb5_fevrier_2017_toulouse-ARNm,Hiseq3000 2*150,Inviceb5,2/1/17,toulouse,mRNA
I27_Inviceb5,Inviceb,Sauvignon blanc clone 0530,Fercal clone 0242,2006,B3 CA33 Blanquefort,mRNA,Spectrum Plant Total RNA Kit (Sigma),stem,na,na,Meta_Etio_Inviceb5_fevrier_2017_toulouse-ARNm,Hiseq3000 2*150,Inviceb5,2/1/17,toulouse,mRNA
I30-2_Inviceb5,Inviceb,Cabernet sauvignon noir clone 0169,Fercal clone 0242,2004,C CA33Blanquefort,mRNA,Spectrum Plant Total RNA Kit (Sigma),stem,na,na,Meta_Etio_Inviceb5_fevrier_2017_toulouse-ARNm,Hiseq3000 2*150,Inviceb5,2/1/17,toulouse,mRNA
I31_Inviceb5,Inviceb,Merlot noir clone 0347,Fercal clone 0242,2004,C CA33Blanquefort,mRNA,Spectrum Plant Total RNA Kit (Sigma),stem,na,na,Meta_Etio_Inviceb5_fevrier_2017_toulouse-ARNm,Hiseq3000 2*150,Inviceb5,2/1/17,toulouse,mRNA
I32-2_Inviceb5,Inviceb,Cabernet sauvignon noir clone 0169,Fercal clone 0242,2002,D CA33 Blanquefort,mRNA,Spectrum Plant Total RNA Kit (Sigma),stem,na,na,Meta_Etio_Inviceb5_fevrier_2017_toulouse-ARNm,Hiseq3000 2*150,Inviceb5,2/1/17,toulouse,mRNA
I33_Inviceb5,Inviceb,Cabernet Franc noir clone 0327,Fercal clone 0242,2002,D CA33 Blanquefort,mRNA,Spectrum Plant Total RNA Kit (Sigma),stem,na,na,Meta_Etio_Inviceb5_fevrier_2017_toulouse-ARNm,Hiseq3000 2*150,Inviceb5,2/1/17,toulouse,mRNA
I36_Inviceb5,Inviceb,Cabernet sauvignon noir clone 1124,Fercal clone 0242,2010,D CA33 Blanquefort,mRNA,Spectrum Plant Total RNA Kit (Sigma),stem,na,na,Meta_Etio_Inviceb5_fevrier_2017_toulouse-ARNm,Hiseq3000 2*150,Inviceb5,2/1/17,toulouse,mRNA
I49_Inviceb5,Inviceb,Cabernet sauvignon noir clone 0015,na,na,IFV,mRNA,Spectrum Plant Total RNA Kit (Sigma),stem,na,na,Meta_Etio_Inviceb5_fevrier_2017_toulouse-ARNm,Hiseq3000 2*150,Inviceb5,2/1/17,toulouse,mRNA
I64_Inviceb5,Inviceb,Semillon blanc clone 315,na,na,IFV,mRNA,Spectrum Plant Total RNA Kit (Sigma),stem,na,na,Meta_Etio_Inviceb5_fevrier_2017_toulouse-ARNm,Hiseq3000 2*150,Inviceb5,2/1/17,toulouse,mRNA
I74_Inviceb5,Inviceb,na,S.O.4. clone 0762,na,IFV,mRNA,Spectrum Plant Total RNA Kit (Sigma),stem,na,na,Meta_Etio_Inviceb5_fevrier_2017_toulouse-ARNm,Hiseq3000 2*150,Inviceb5,2/1/17,toulouse,mRNA
I75_Inviceb5,Inviceb,na,S.O.4. clone 0762 assaini ,,IFV,mRNA,Spectrum Plant Total RNA Kit (Sigma),stem,na,na,Meta_Etio_Inviceb5_fevrier_2017_toulouse-ARNm,Hiseq3000 2*150,Inviceb5,2/1/17,toulouse,mRNA
I76_Inviceb5,Inviceb,na,Riparia Gloire de Montpellier clone 0001,,IFV,mRNA,Spectrum Plant Total RNA Kit (Sigma),stem,na,na,Meta_Etio_Inviceb5_fevrier_2017_toulouse-ARNm,Hiseq3000 2*150,Inviceb5,2/1/17,toulouse,mRNA
I77_Inviceb5,Inviceb,na,420 A clone 241,,IFV,mRNA,Spectrum Plant Total RNA Kit (Sigma),stem,na,na,Meta_Etio_Inviceb5_fevrier_2017_toulouse-ARNm,Hiseq3000 2*150,Inviceb5,2/1/17,toulouse,mRNA
I7-3_Inviceb6,Inviceb,Semillon blanc clone 0909,Fercal clone 0242,1992,B1 CA33 Blanquefort,total RNA,Spectrum Plant Total RNA Kit (Sigma),stem,na,na,Meta_Etio_Inviceb6_avril_2017_toulouse,Hiseq3000 2*150,Inviceb6,4/1/17,toulouse,
I10-2_Inviceb6,Inviceb,Semillon blanc clone 0315,Fercal clone 0242,1992,B1 CA33 Blanquefort,total RNA,Spectrum Plant Total RNA Kit (Sigma),stem,na,na,Meta_Etio_Inviceb6_avril_2017_toulouse,Hiseq3000 2*150,Inviceb6,4/1/17,toulouse,
I11-2_Inviceb6,Inviceb,Merlot noir clone 0348,Fercal clone 0242,1998,B1 CA33 Blanquefort,total RNA,Spectrum Plant Total RNA Kit (Sigma),stem,na,na,Meta_Etio_Inviceb6_avril_2017_toulouse,Hiseq3000 2*150,Inviceb6,4/1/17,toulouse,
I12-3_Inviceb6,Inviceb,Semillon blanc clone 0910,Fercal clone 0242,1992,B1 CA33 Blanquefort,total RNA,Spectrum Plant Total RNA Kit (Sigma),stem,na,na,Meta_Etio_Inviceb6_avril_2017_toulouse,Hiseq3000 2*150,Inviceb6,4/1/17,toulouse,
I14-3_Inviceb6,Inviceb,Merlot noir clone 0181,Fercal clone 0242,1999,B2 CA33 Blanquefort,total RNA,Spectrum Plant Total RNA Kit (Sigma),stem,na,na,Meta_Etio_Inviceb6_avril_2017_toulouse,Hiseq3000 2*150,Inviceb6,4/1/17,toulouse,
I43-3_Inviceb6,Inviceb,Cabernet sauvignon clone 0191,na,na,IFV,total RNA,Spectrum Plant Total RNA Kit (Sigma),stem,na,na,Meta_Etio_Inviceb6_avril_2017_toulouse,Hiseq3000 2*150,Inviceb6,4/1/17,toulouse,
I48-2_Inviceb6,Inviceb,Cabernet franc noir clone 0327,na,na,IFV,total RNA,Spectrum Plant Total RNA Kit (Sigma),stem,na,na,Meta_Etio_Inviceb6_avril_2017_toulouse,Hiseq3000 2*150,Inviceb6,4/1/17,toulouse,
I50-2_Inviceb6,Inviceb,Cabernet sauvignon noir clone 0412,na,na,IFV,total RNA,Spectrum Plant Total RNA Kit (Sigma),stem,na,na,Meta_Etio_Inviceb6_avril_2017_toulouse,Hiseq3000 2*150,Inviceb6,4/1/17,toulouse,
I51-2_Inviceb6,Inviceb,Cabernet Sauvignon noir clone 0169,na,na,IFV,total RNA,Spectrum Plant Total RNA Kit (Sigma),stem,na,na,Meta_Etio_Inviceb6_avril_2017_toulouse,Hiseq3000 2*150,Inviceb6,4/1/17,toulouse,
I56-2_Inviceb6,Inviceb,Merlot noir clone 0348,na,na,IFV,total RNA,Spectrum Plant Total RNA Kit (Sigma),stem,na,na,Meta_Etio_Inviceb6_avril_2017_toulouse,Hiseq3000 2*150,Inviceb6,4/1/17,toulouse,
I61_Inviceb6,Inviceb,Sauvignon blanc clone 0905,na,na,IFV,total RNA,Spectrum Plant Total RNA Kit (Sigma),stem,na,na,Meta_Etio_Inviceb6_avril_2017_toulouse,Hiseq3000 2*150,Inviceb6,4/1/17,toulouse,
I63_Inviceb6,Inviceb,Sauvignon Gris clone 0917,na,na,IFV,total RNA,Spectrum Plant Total RNA Kit (Sigma),stem,na,na,Meta_Etio_Inviceb6_avril_2017_toulouse,Hiseq3000 2*150,Inviceb6,4/1/17,toulouse,
I69-4_Inviceb6,Inviceb,na,Couderc 3309 clone 0144,na,IFV,total RNA,Spectrum Plant Total RNA Kit (Sigma),stem,na,na,Meta_Etio_Inviceb6_avril_2017_toulouse,Hiseq3000 2*150,Inviceb6,4/1/17,toulouse,
I70-5_Inviceb6,Inviceb,na,101-14 Millardet et de Grasset MGT clone 0759,na,IFV,total RNA,Spectrum Plant Total RNA Kit (Sigma),stem,na,na,Meta_Etio_Inviceb6_avril_2017_toulouse,Hiseq3000 2*150,Inviceb6,4/1/17,toulouse,
I73-2_Inviceb6,Inviceb,na,Couderc 3309 clone 0143,na,IFV,total RNA,Spectrum Plant Total RNA Kit (Sigma),stem,na,na,Meta_Etio_Inviceb6_avril_2017_toulouse,Hiseq3000 2*150,Inviceb6,4/1/17,toulouse,
I6-3_Inviceb7,Inviceb,Cabernet sauvignon noir clone 0192,Fercal clone 0242,1992,B1 CA33 Blanquefort,total RNA,Spectrum Plant Total RNA Kit (Sigma),stem,na,na,Meta_Etio_Inviceb7_juillet2017_toulouse,Hiseq3000 2*150,Inviceb7,7/1/17,toulouse,
I25-2_Inviceb7,Inviceb,Sauvignon blanc clone 0906,Fercal clone 0242,1995,B3 CA33 Blanquefort,total RNA,Spectrum Plant Total RNA Kit (Sigma),stem,na,na,Meta_Etio_Inviceb7_juillet2017_toulouse,Hiseq3000 2*150,Inviceb7,7/1/17,toulouse,
I40-3_Inviceb7,Inviceb,Cabernet sauvignon noir clone 0191,Fercal clone 0242,1987,Z CA33 Blanquefort,total RNA,Spectrum Plant Total RNA Kit (Sigma),stem,na,na,Meta_Etio_Inviceb7_juillet2017_toulouse,Hiseq3000 2*150,Inviceb7,7/1/17,toulouse,
I60-2_Inviceb7,Inviceb,Sauvignon blanc clone 0530,na,na,IFV,total RNA,Spectrum Plant Total RNA Kit (Sigma),stem,na,na,Meta_Etio_Inviceb7_juillet2017_toulouse,Hiseq3000 2*150,Inviceb7,7/1/17,toulouse,
I65-2_Inviceb7,Inviceb,Semillon blanc clone 0909,na,na,IFV,total RNA,Spectrum Plant Total RNA Kit (Sigma),stem,na,na,Meta_Etio_Inviceb7_juillet2017_toulouse,Hiseq3000 2*150,Inviceb7,7/1/17,toulouse,
I71-2_Inviceb7,Inviceb,na,Fercal clone 0242 ,na,IFV,total RNA,Spectrum Plant Total RNA Kit (Sigma),stem,na,na,Meta_Etio_Inviceb7_juillet2017_toulouse,Hiseq3000 2*150,Inviceb7,7/1/17,toulouse,
I72-2_Inviceb7,Inviceb,na,101-14 MGT clone 0003,na,IFV,total RNA,Spectrum Plant Total RNA Kit (Sigma),stem,na,na,Meta_Etio_Inviceb7_juillet2017_toulouse,Hiseq3000 2*150,Inviceb7,7/1/17,toulouse,
I78-2_Inviceb7,Inviceb,na,41B MGT clone 0194,na,IFV,total RNA,Spectrum Plant Total RNA Kit (Sigma),stem,na,na,Meta_Etio_Inviceb7_juillet2017_toulouse,Hiseq3000 2*150,Inviceb7,7/1/17,toulouse,
If79_Inviceb7,Inviceb,Sauvignon Blanc clone 530,na,na,IFV,total RNA,Spectrum Plant Total RNA Kit (Sigma),Leaves,na,na,Meta_Etio_Inviceb7_juillet2017_toulouse,Hiseq3000 2*150,Inviceb7,7/1/17,toulouse,
If80_Inviceb7,Inviceb,Semillon blanc clone 0909,na,na,IFV,total RNA,Spectrum Plant Total RNA Kit (Sigma),Leaves,na,na,Meta_Etio_Inviceb7_juillet2017_toulouse,Hiseq3000 2*150,Inviceb7,7/1/17,toulouse,
If81_Inviceb7,Inviceb,na,Couderc 3309 clone 0144,na,IFV,total RNA,Spectrum Plant Total RNA Kit (Sigma),Leaves,na,na,Meta_Etio_Inviceb7_juillet2017_toulouse,Hiseq3000 2*150,Inviceb7,7/1/17,toulouse,
If82_Inviceb8,Inviceb,na,101-14 Millardet et de Grasset MGT clone 0759,na,IFV,total RNA,Spectrum Plant Total RNA Kit (Sigma),Leaves,na,na,Meta_Etio_Inviceb8_septembre2017_toulouse,Hiseq3000 2*150,Inviceb8,9/1/17,toulouse,
If84-2_Inviceb8,Inviceb,na,101-14 Millardet et de Grasset MGT clone 003,na,IFV,total RNA,Spectrum Plant Total RNA Kit (Sigma),Leaves,na,na,Meta_Etio_Inviceb8_septembre2017_toulouse,Hiseq3000 2*150,Inviceb8,9/1/17,toulouse,
If85_Inviceb8,Inviceb,Cabernet sauvignon noir clone 1124,na,na,IFV,total RNA,Spectrum Plant Total RNA Kit (Sigma),Leaves,na,na,Meta_Etio_Inviceb8_septembre2017_toulouse,Hiseq3000 2*150,Inviceb8,9/1/17,toulouse,
If86_Inviceb8,Inviceb,Cabernet sauvignon noir clone 191,na,na,IFV,total RNA,Spectrum Plant Total RNA Kit (Sigma),Leaves,na,na,Meta_Etio_Inviceb8_septembre2017_toulouse,Hiseq3000 2*150,Inviceb8,9/1/17,toulouse,
If87_Inviceb8,Inviceb,Merlot noir clone 0181,na,na,IFV,total RNA,Spectrum Plant Total RNA Kit (Sigma),Leaves,na,na,Meta_Etio_Inviceb8_septembre2017_toulouse,Hiseq3000 2*150,Inviceb8,9/1/17,toulouse,
I5-2_Inviceb8,Inviceb,Cabernet franc noir clone 0327,Fercal clone 0242,1993,B1 CA33 Blanquefort,total RNA,Spectrum Plant Total RNA Kit (Sigma),stem,na,na,Meta_Etio_Inviceb8_septembre2017_toulouse,Hiseq3000 2*150,Inviceb8,9/1/17,toulouse,
I13_Inviceb8,Inviceb,Merlot noir clone 0181,Fercal clone 0242,1998,B2 CA33 Blanquefort,total RNA,Spectrum Plant Total RNA Kit (Sigma),stem,na,na,Meta_Etio_Inviceb8_septembre2017_toulouse,Hiseq3000 2*150,Inviceb8,9/1/17,toulouse,
I16_Inviceb8,Inviceb,Semillon blanc clone 0909,Fercal clone 0242,1994,B2 CA33 Blanquefort,total RNA,Spectrum Plant Total RNA Kit (Sigma),stem,na,na,Meta_Etio_Inviceb8_septembre2017_toulouse,Hiseq3000 2*150,Inviceb8,9/1/17,toulouse,
I20_Inviceb8,Inviceb,Sauvignon blanc clone 0905,Fercal clone 0242,1995,B3 CA33 Blanquefort,total RNA,Spectrum Plant Total RNA Kit (Sigma),stem,na,na,Meta_Etio_Inviceb8_septembre2017_toulouse,Hiseq3000 2*150,Inviceb8,9/1/17,toulouse,
I26_Inviceb8,Inviceb,Sauvignon blanc clone 0530,Fercal clone 0242,2005,B3 CA33 Blanquefort,total RNA,Spectrum Plant Total RNA Kit (Sigma),stem,na,na,Meta_Etio_Inviceb8_septembre2017_toulouse,Hiseq3000 2*150,Inviceb8,9/1/17,toulouse,
I39-2_Inviceb8,Inviceb,Cabernet Franc noir clone 0214,Fercal clone 0242,2002,D CA33 Blanquefort,total RNA,Spectrum Plant Total RNA Kit (Sigma),stem,na,na,Meta_Etio_Inviceb8_septembre2017_toulouse,Hiseq3000 2*150,Inviceb8,9/1/17,toulouse,
f83-2_Inviceb9,Inviceb,na,Fercal clone 0242 clone 0242,na,IFV,total RNA,Spectrum Plant Total RNA Kit (Sigma),Leaves,na,na,Meta_Etio_Inviceb9_octobre2017_toulouse,Hiseq3000 2*150,Inviceb9,10/1/17,toulouse,
I9_Inviceb11,Inviceb,Petit Verdot noir clone 400,Fercal clone 0242,1999,B1 CA33 Blanquefort,dsRNA,"Marais et al. 2018 . Methods Mol. Biol., 1746: 45-53",stem,AACGACGTTGTGTTGGGTGTGTTTGG,MID-GENCO2,Meta_Etio_Inviceb11_mai2018_toulouse,Hiseq3000 2*150,Inviceb11,5/1/18,toulouse,
I30_Inviceb11,Inviceb,Cabernet sauvignon noir clone 0169,Fercal clone 0242,2004,C CA33Blanquefort,dsRNA,"Marais et al. 2018 . Methods Mol. Biol., 1746: 45-53",stem,CAAGAGTTTGTGTTGGGTGTGTTTGG,MID-GENCO14,Meta_Etio_Inviceb11_mai2018_toulouse,Hiseq3000 2*150,Inviceb11,5/1/18,toulouse,
I31_Inviceb11,Inviceb,Merlot noir clone 0347,Fercal clone 0242,2004,C CA33Blanquefort,dsRNA,"Marais et al. 2018 . Methods Mol. Biol., 1746: 45-53",stem,TTGCTAATTGTGTTGGGTGTGTTTGG,MID-GENCO49,Meta_Etio_Inviceb11_mai2018_toulouse,Hiseq3000 2*150,Inviceb11,5/1/18,toulouse,
I33_Inviceb11,Inviceb,Cabernet Franc noir clone 0327,Fercal clone 0242,2002,D CA33 Blanquefort,dsRNA,"Marais et al. 2018 . Methods Mol. Biol., 1746: 45-53",stem,GAAGTTGCTGTGTTGGGTGTGTTTGG,MID-GENCO27,Meta_Etio_Inviceb11_mai2018_toulouse,Hiseq3000 2*150,Inviceb11,5/1/18,toulouse,
I74_Inviceb11,Inviceb,na,S.O.4. clone 0762,na,IFV,dsRNA,"Marais et al. 2018 . Methods Mol. Biol., 1746: 45-53",stem,CAAGCAGGTGTGTTGGGTGTGTTTGG,MID-GENCO15,Meta_Etio_Inviceb11_mai2018_toulouse,Hiseq3000 2*150,Inviceb11,5/1/18,toulouse,
I76_Inviceb11,Inviceb,na,Riparia Gloire de Montpellier clone 0001,na,IFV,dsRNA,"Marais et al. 2018 . Methods Mol. Biol., 1746: 45-53",stem,AACTAGTATGTGTTGGGTGTGTTTGG,MID-GENCO3,Meta_Etio_Inviceb11_mai2018_toulouse,Hiseq3000 2*150,Inviceb11,5/1/18,toulouse,
I9_Inviceb10,Inviceb,Petit Verdot noir clone 400,Fercal clone 0242,1999,B1 CA33 Blanquefort,ribodepleted RNA,Spectrum Plant Total RNA Kit (Sigma),stem,na,na,Meta_Etio_Inviceb10_juin2018_toulouse,Hiseq3000 2*150,Inviceb10,6/1/18,toulouse,
I31_Inviceb10,Inviceb,Merlot noir clone 0347,Fercal clone 0242,2004,C CA33Blanquefort,ribodepleted RNA,Spectrum Plant Total RNA Kit (Sigma),stem,na,na,Meta_Etio_Inviceb10_juin2018_toulouse,Hiseq3000 2*150,Inviceb10,6/1/18,toulouse,
I33_Inviceb10,Inviceb,Cabernet Franc noir clone 0327,Fercal clone 0242,2002,D CA33 Blanquefort,ribodepleted RNA,Spectrum Plant Total RNA Kit (Sigma),stem,na,na,Meta_Etio_Inviceb10_juin2018_toulouse,Hiseq3000 2*150,Inviceb10,6/1/18,toulouse,
I74_Inviceb10,Inviceb,na,S.O.4. clone 0762,na,IFV,ribodepleted RNA,Spectrum Plant Total RNA Kit (Sigma),stem,na,na,Meta_Etio_Inviceb10_juin2018_toulouse,Hiseq3000 2*150,Inviceb10,6/1/18,toulouse,
I76_Inviceb10,Inviceb,na,Riparia Gloire de Montpellier clone 0001,na,IFV,ribodepleted RNA,Spectrum Plant Total RNA Kit (Sigma),stem,na,na,Meta_Etio_Inviceb10_juin2018_toulouse,Hiseq3000 2*150,Inviceb10,6/1/18,toulouse,