#algo	query_id	nb_reads	query_length	accession	description	organism	percentIdentity	nb_hsps	queryOverlap	hitOverlap	evalue	score	tax_id	taxonomy	sequence
"BLASTX"	"SRR10518895_104"	"362"	"1109"	"XP_002283497"	"PREDICTED: probable LRR receptor-like serine/threonine-protein kinase At1g53440 [Vitis vinifera]"	"Vitis vinifera"	"89.8"	"1"	"98"	"36"	"0"	"653.67"	"29760"	"Eukaryota;;Vitaceae;Vitis;Vitis vinifera"	""
"BLASTX"	"SRR10518895_616"	"625"	"1075"	"XP_002263813"	"PREDICTED: phosphoglucomutase, chloroplastic isoform X2 [Vitis vinifera]"	"Vitis vinifera"	"97.9"	"2"	"93"	"54"	"2.07245e-176"	"650.573"	"29760"	"Eukaryota;;Vitaceae;Vitis;Vitis vinifera"	""
"BLASTX"	"SRR10518895_49"	"1404"	"1492"	"RVX08029"	"Protein CLMP1 [Vitis vinifera]"	"Vitis vinifera"	"99.4"	"1"	"97"	"62"	"0"	"820.076"	"29760"	"Eukaryota;;Vitaceae;Vitis;Vitis vinifera"	""
"BLASTX"	"SRR10518895_84"	"839"	"1228"	"XP_010653479"	"PREDICTED: thylakoid membrane protein TERC, chloroplastic isoform X3 [Vitis vinifera]"	"Vitis vinifera"	"96.4"	"1"	"75"	"84"	"3.72832e-175"	"503.056"	"29760"	"Eukaryota;;Vitaceae;Vitis;Vitis vinifera"	""
"BLASTX"	"SRR10518895_127"	"1362"	"1031"	"KAB8090118"	"hypothetical protein EE612_015202, partial [Oryza sativa]"	"Oryza sativa"	"98.6"	"1"	"42"	"97"	"5.27145e-94"	"286.189"	"4530"	"Eukaryota;;Poaceae;Oryza;Oryza sativa"	""
"BLASTX"	"SRR10518895_19"	"246"	"2049"	"XP_002278041"	"PREDICTED: putative disease resistance protein RGA4 [Vitis vinifera]"	"Vitis vinifera"	"53.3"	"1"	"100"	"82"	"0"	"606.29"	"29760"	"Eukaryota;;Vitaceae;Vitis;Vitis vinifera"	""
"BLASTX"	"SRR10518895_98"	"518"	"1129"	"XP_002268908"	"PREDICTED: 2-C-methyl-D-erythritol 4-phosphate cytidylyltransferase, chloroplastic [Vitis vinifera]"	"Vitis vinifera"	"98.9"	"1"	"76"	"93"	"0"	"556.214"	"29760"	"Eukaryota;;Vitaceae;Vitis;Vitis vinifera"	""
"BLASTX"	"SRR10518895_50"	"2146"	"1487"	"NP_001268030"	"malic enzyme [Vitis vinifera]"	"Vitis vinifera"	"100.0"	"1"	"82"	"64"	"0"	"845.884"	"29760"	"Eukaryota;;Vitaceae;Vitis;Vitis vinifera"	""
"BLASTX"	"SRR10518895_66"	"254"	"1349"	"XP_019074147"	"PREDICTED: protein SMG7L-like [Vitis vinifera]"	"Vitis vinifera"	"99.6"	"1"	"100"	"61"	"0"	"892.108"	"29760"	"Eukaryota;;Vitaceae;Vitis;Vitis vinifera"	""
"BLASTX"	"SRR10518895_137"	"564"	"1002"	"XP_010662737"	"PREDICTED: tripeptidyl-peptidase 2 isoform X1 [Vitis vinifera]"	"Vitis vinifera"	"98.2"	"1"	"100"	"24"	"0"	"610.912"	"29760"	"Eukaryota;;Vitaceae;Vitis;Vitis vinifera"	""
"BLASTX"	"SRR10518895_96"	"806"	"1149"	"XP_019072354"	"PREDICTED: sugar transporter ERD6-like 6 [Vitis vinifera]"	"Vitis vinifera"	"100.0"	"1"	"100"	"79"	"0"	"681.789"	"29760"	"Eukaryota;;Vitaceae;Vitis;Vitis vinifera"	""
"BLASTX"	"SRR10518895_75"	"1443"	"1289"	"OMO52592"	"hypothetical protein COLO4_37086 [Corchorus olitorius]"	"Corchorus olitorius"	"79.7"	"1"	"52"	"100"	"7.87417e-119"	"355.525"	"93759"	"Eukaryota;;Malvaceae;Corchorus;Corchorus olitorius"	""
"BLASTX"	"SRR10518895_110"	"1387"	"1098"	"CBI32689"	"unnamed protein product, partial [Vitis vinifera]"	"Vitis vinifera"	"98.8"	"1"	"46"	"88"	"1.09541e-111"	"333.569"	"29760"	"Eukaryota;;Vitaceae;Vitis;Vitis vinifera"	""
"BLASTX"	"SRR10518895_106"	"517"	"1104"	"XP_019075674"	"PREDICTED: 7-hydroxymethyl chlorophyll a reductase, chloroplastic isoform X3 [Vitis vinifera]"	"Vitis vinifera"	"98.9"	"1"	"96"	"94"	"0"	"728.013"	"29760"	"Eukaryota;;Vitaceae;Vitis;Vitis vinifera"	""
"BLASTX"	"SRR10518895_35"	"144"	"1673"	"AXL94931"	"replicase [Grapevine rupestris stem pitting-associated virus]"	"Grapevine rupestris stem pitting-associated virus"	"99.1"	"1"	"100"	"26"	"0"	"1134.78"	"196400"	"Viruses;ssRNA viruses;Betaflexiviridae;Foveavirus;Grapevine rupestris stem pitting-associated virus"	"AAAGTCAGCACAGCTTGTTCTCTTTCGCACTCCCTGATAGGTGCAAGGAAAGGCTGATATCCTCTGGTATCTATTTAAGTACTTATAGTTTTAGGCCTCACTCACATCCTGTCTGTAAAACTTTAGAAAATCACATCTTGTACAATGTTTTGCCTAGTTATGTTAATAATTCATTTTACTTTGTAGGTATTAAGGATTTTAAGCTTCAATTTCTCAAAAGGAGGAACAAAGATCTTAGTTTAATAGCTCTCATCAATAGATTTGTCACTAGTAAAGATGTAAGTCGCTACGGTTCAGAATTTGTGATAAGCTCTAGTGACAAGTCTAACCATGTTGTCAGCAAGAAGGGAATTGGTGATTCTGACTCACTCAAAAAATTGGTTCCCCGTGTGATCTCTACCGGTGCAAGGAATCTTTTTCTTCATGATGAAATTCATTACTGGTCTACACGTGATCTCATTACTTTCCTGGAAGTGGTCAGGCCCAACATGCTTCTTGCAACGGCTGTAATACCTCCTGAGGTCCTTGTTGGCTCTCCTGAAAGCTTAAATCCTTGGGCTTACCAGTATAAAATTTCTGAGGGTCAAATGCTTTTTGCTCCGGATGGCAACTGGTGTGAAATGTATTCACAGCCATTGTCAAGTAGGTATTTGCTTAAGGCTAGGTCTGTGGTCTTACCGGATGGTTCACGCTATGCGGTCGATGTCCTCCATTCAAAATTCTGCCATCACTTATTGAGCTTTACCCCAATTAATAATCTTCTGGTTTCCAATATTCGGTGTTTCTCTGGTTTTGACGCCATTGGCATTAAAGATCTGGAGCCTCTAAGTCGTGGTATGCATAGCTGCTTTCCGGTGCATCATGATGTTGTTACTAAAATATATCTCTATTTGAGAACCCTCAAAAAGCCTGACAAGGAATCTGCCGAGGCGAAATTGCGTCAGCTTATCGACAAGCCTACTGGGCGAGAGATTAAGTTTATTGAGGATTTTGCTTCGCTTGTCATAAGTTGTGGAAGGAGTGGCTCTCTGCTAATGCCAAATATTCCGAAGCTAGTTATCTCCTTCTTTTGTAGAATGATGCCAAATGCTCTGGCTAGGCTTTCATCAAACTTCCGTGAATCATCTTTGGACTCATTTGTGTATGCACTTGAACCTTTCAATTTTTCAATAAGCCTCATAGATATAACCCCTGACTTCTTTGAGCACCTTCTCCTGTTTTCTTGTCTCAATGAATTGATCGAAGATAATGTCGAGGAAGTCATGGATAACTCATGGTTTGGGCTGAGCAATGCACAGTTTGATCGTCAAAGGTGTCCCTTCTCACTTGGACCTTCACATTGGCTCAGTTCTAGGTTTTCCATAGAGCATAAGTTTCTAGGAACGGTCAATCATCAGGTGCTACATGCGGCCTTATCTCTGATCCCATTGTCTAGTGATCCATCTTTTAGGCCATCTTCAAATGAGATAGATTTTGCTCTGTCAGGGATTAAGATGGCCTTAGGTGTGACTGGGCAGTCGAATCTTTTCAGATTTCTGATTGATGATATTTTCCTAAATGAGCTGCAAAATTCATACAGGTCAAGGCTTGCCAAGCATTTAAAGGCTCTCACTAAGGTTTTCTATTTTTGTGGCCTTCAGTGGTTTCTTCTTAAGCAGAGAGTCAATTTGAGG"
"BLASTX"	"SRR10518895_583"	"1960"	"1033"	"XP_002270799"	"PREDICTED: splicing factor 3B subunit 2 [Vitis vinifera]"	"Vitis vinifera"	"88.3"	"1"	"99"	"59"	"2.05985e-163"	"478.789"	"29760"	"Eukaryota;;Vitaceae;Vitis;Vitis vinifera"	""
"BLASTX"	"SRR10518895_187"	"1011"	"1193"	"RVW18819"	"Plastid-lipid-associated protein, chloroplastic [Vitis vinifera]"	"Vitis vinifera"	"95.4"	"1"	"71"	"87"	"0"	"523.472"	"29760"	"Eukaryota;;Vitaceae;Vitis;Vitis vinifera"	""
"BLASTX"	"SRR10518895_130"	"88"	"1025"	"RVX14659"	"Threonine--tRNA ligase, mitochondrial 1 [Vitis vinifera]"	"Vitis vinifera"	"97.8"	"1"	"80"	"40"	"0"	"526.554"	"29760"	"Eukaryota;;Vitaceae;Vitis;Vitis vinifera"	""
"BLASTX"	"SRR10518895_18"	"5083"	"2092"	"CAN82835"	"hypothetical protein VITISV_030870 [Vitis vinifera]"	"Vitis vinifera"	"98.7"	"1"	"45"	"100"	"0"	"646.351"	"29760"	"Eukaryota;;Vitaceae;Vitis;Vitis vinifera"	""
"BLASTX"	"SRR10518895_125"	"3573"	"1041"	"XP_010278711"	"PREDICTED: polyadenylate-binding protein RBP45-like isoform X4 [Nelumbo nucifera]"	"Nelumbo nucifera"	"85.5"	"1"	"69"	"57"	"1.04487e-152"	"445.662"	"4432"	"Eukaryota;;Nelumbonaceae;Nelumbo;Nelumbo nucifera"	""
"BLASTX"	"SRR10518895_74"	"914"	"1289"	"XP_010647125"	"PREDICTED: chromatin assembly factor 1 subunit FAS1 [Vitis vinifera]"	"Vitis vinifera"	"99.8"	"1"	"100"	"52"	"0"	"638.647"	"29760"	"Eukaryota;;Vitaceae;Vitis;Vitis vinifera"	""
"BLASTX"	"SRR10518895_95"	"552"	"1151"	"XP_002273626"	"PREDICTED: glutamate--cysteine ligase, chloroplastic [Vitis vinifera]"	"Vitis vinifera"	"99.1"	"1"	"90"	"66"	"0"	"716.457"	"29760"	"Eukaryota;;Vitaceae;Vitis;Vitis vinifera"	""
"BLASTX"	"SRR10518895_70"	"647"	"1327"	"XP_002276394"	"PREDICTED: 6-phosphofructo-2-kinase/fructose-2,6-bisphosphatase [Vitis vinifera]"	"Vitis vinifera"	"100.0"	"1"	"100"	"58"	"0"	"895.19"	"29760"	"Eukaryota;;Vitaceae;Vitis;Vitis vinifera"	""
"BLASTX"	"SRR10518895_32"	"740"	"1701"	"RVW33591"	"DAZ-associated protein 1 [Vitis vinifera]"	"Vitis vinifera"	"98.9"	"1"	"84"	"99"	"0"	"680.248"	"29760"	"Eukaryota;;Vitaceae;Vitis;Vitis vinifera"	""
"BLASTX"	"SRR10518895_117"	"1004"	"1068"	"XP_002263271"	"PREDICTED: chlorophyll synthase, chloroplastic [Vitis vinifera]"	"Vitis vinifera"	"99.7"	"1"	"96"	"93"	"0"	"638.262"	"29760"	"Eukaryota;;Vitaceae;Vitis;Vitis vinifera"	""
"BLASTX"	"SRR10518895_132"	"1719"	"1023"	"XP_002279497"	"PREDICTED: glutamine synthetase leaf isozyme, chloroplastic [Vitis vinifera]"	"Vitis vinifera"	"99.7"	"2"	"95"	"75"	"0"	"682.545"	"29760"	"Eukaryota;;Vitaceae;Vitis;Vitis vinifera"	""
"BLASTX"	"SRR10518895_45"	"409"	"1553"	"RVX15610"	"VAN3-binding protein [Vitis vinifera]"	"Vitis vinifera"	"99.7"	"1"	"73"	"100"	"0"	"662.144"	"29760"	"Eukaryota;;Vitaceae;Vitis;Vitis vinifera"	""
"BLASTX"	"SRR10518895_8"	"2925"	"2923"	"CAN71735"	"hypothetical protein VITISV_043194 [Vitis vinifera]"	"Vitis vinifera"	"99.6"	"1"	"85"	"85"	"0"	"1667.13"	"29760"	"Eukaryota;;Vitaceae;Vitis;Vitis vinifera"	""
"BLASTX"	"SRR10518895_134"	"1646"	"1015"	"XP_002265998"	"PREDICTED: serine/arginine-rich-splicing factor SR34 isoform X2 [Vitis vinifera]"	"Vitis vinifera"	"100.0"	"1"	"56"	"64"	"1.17157e-103"	"316.235"	"29760"	"Eukaryota;;Vitaceae;Vitis;Vitis vinifera"	""
"BLASTX"	"SRR10518895_113"	"188"	"1088"	"RVX23770"	"E3 ubiquitin-protein ligase FANCL [Vitis vinifera]"	"Vitis vinifera"	"98.7"	"1"	"65"	"93"	"9.78032e-170"	"483.026"	"29760"	"Eukaryota;;Vitaceae;Vitis;Vitis vinifera"	""
"BLASTX"	"SRR10518895_99"	"606"	"1125"	"XP_002275561"	"PREDICTED: actin-related protein 4 [Vitis vinifera]"	"Vitis vinifera"	"99.7"	"1"	"98"	"83"	"0"	"702.59"	"29760"	"Eukaryota;;Vitaceae;Vitis;Vitis vinifera"	""
"BLASTX"	"SRR10518895_11"	"658"	"2433"	"RVX16573"	"Pentatricopeptide repeat-containing protein [Vitis vinifera]"	"Vitis vinifera"	"99.5"	"1"	"68"	"100"	"0"	"1143.26"	"29760"	"Eukaryota;;Vitaceae;Vitis;Vitis vinifera"	""
"BLASTX"	"SRR10518895_92"	"1440"	"1707"	"XP_023890226"	"uncharacterized protein LOC112002301 [Quercus suber]"	"Quercus suber"	"68.5"	"2"	"62"	"95"	"7.26564e-117"	"452.967"	"58331"	"Eukaryota;;Fagaceae;Quercus;Quercus suber"	""
"BLASTX"	"SRR10518895_100"	"526"	"1125"	"XP_010660054"	"PREDICTED: sugar transporter ERD6-like 5 isoform X1 [Vitis vinifera]"	"Vitis vinifera"	"96.9"	"2"	"100"	"78"	"4.97021e-28"	"709.894"	"29760"	"Eukaryota;;Vitaceae;Vitis;Vitis vinifera"	""
"BLASTX"	"SRR10518895_14"	"2874"	"2208"	"XP_002276397"	"PREDICTED: uncharacterized protein LOC100252456 [Vitis vinifera]"	"Vitis vinifera"	"98.8"	"1"	"78"	"77"	"0"	"1154.04"	"29760"	"Eukaryota;;Vitaceae;Vitis;Vitis vinifera"	""
"BLASTX"	"SRR10518895_93"	"378"	"1171"	"XP_010654583"	"PREDICTED: uncharacterized protein LOC100241278 isoform X6 [Vitis vinifera]"	"Vitis vinifera"	"68.2"	"3"	"100"	"63"	"1.76535126666667e-105"	"1263.797"	"29760"	"Eukaryota;;Vitaceae;Vitis;Vitis vinifera"	""
"BLASTX"	"SRR10518895_39"	"1017"	"1646"	"CAN61222"	"hypothetical protein VITISV_034850 [Vitis vinifera]"	"Vitis vinifera"	"49.5"	"1"	"40"	"88"	"3.18971e-43"	"164.851"	"29760"	"Eukaryota;;Vitaceae;Vitis;Vitis vinifera"	""
"BLASTX"	"SRR10518895_676"	"1976"	"1387"	"RVW34388"	"Epidermal patterning factor-like protein 9 [Vitis vinifera]"	"Vitis vinifera"	"83.8"	"2"	"21"	"61"	"1.42881e-34"	"177.5482"	"29760"	"Eukaryota;;Vitaceae;Vitis;Vitis vinifera"	""
"BLASTX"	"SRR10518895_27"	"1464"	"1758"	"GAY34381"	"hypothetical protein CUMW_011090 [Citrus unshiu]"	"Citrus unshiu"	"73.4"	"2"	"54"	"93"	"1.31678e-23"	"407.127"	"55188"	"Eukaryota;;Rutaceae;Citrus;Citrus unshiu"	""
"BLASTX"	"SRR10518895_94"	"763"	"1153"	"XP_002264619"	"PREDICTED: THO complex subunit 1 isoform X1 [Vitis vinifera]"	"Vitis vinifera"	"99.2"	"1"	"97"	"62"	"0"	"781.556"	"29760"	"Eukaryota;;Vitaceae;Vitis;Vitis vinifera"	""
"BLASTX"	"SRR10518895_40"	"13413"	"1612"	"CBI14856"	"unnamed protein product, partial [Vitis vinifera]"	"Vitis vinifera"	"99.7"	"1"	"60"	"94"	"0"	"625.165"	"29760"	"Eukaryota;;Vitaceae;Vitis;Vitis vinifera"	""
"BLASTX"	"SRR10518895_2"	"4237"	"4863"	"KAA8546824"	"hypothetical protein F0562_003251 [Nyssa sinensis]"	"Nyssa sinensis"	"86.6"	"1"	"82"	"99"	"0"	"2281.14"	"561372"	"Eukaryota;;Nyssaceae;Nyssa;Nyssa sinensis"	""
"BLASTX"	"SRR10518895_44"	"393"	"1576"	"KAB1218976"	"HemK methyltransferase family member 2 [Morella rubra]"	"Morella rubra"	"81.2"	"1"	"49"	"99"	"1.32079e-150"	"441.039"	"262757"	"Eukaryota;;Myricaceae;Morella;Morella rubra"	""
"BLASTX"	"SRR10518895_300"	"493"	"1324"	"XP_002263116"	"PREDICTED: phosphoglucan phosphatase DSP4, amyloplastic isoform X1 [Vitis vinifera]"	"Vitis vinifera"	"87.4"	"1"	"85"	"99"	"0"	"672.544"	"29760"	"Eukaryota;;Vitaceae;Vitis;Vitis vinifera"	""
"BLASTX"	"SRR10518895_48"	"561"	"1502"	"XP_021830811"	"beta-galactosidase 8-like [Prunus avium]"	"Prunus avium"	"82.6"	"1"	"100"	"59"	"0"	"866.685"	"42229"	"Eukaryota;;Rosaceae;Prunus;Prunus avium"	""
"BLASTX"	"SRR10518895_29"	"1388"	"1752"	"XP_028068182"	"nucleolar complex protein 4 homolog isoform X1 [Camellia sinensis]"	"Camellia sinensis"	"71.7"	"1"	"90"	"85"	"0"	"693.73"	"4442"	"Eukaryota;;Theaceae;Camellia;Camellia sinensis"	""
"BLASTX"	"SRR10518895_120"	"679"	"1052"	"RVW30262"	"U4/U6.U5 tri-snRNP-associated protein 2 [Vitis vinifera]"	"Vitis vinifera"	"100.0"	"1"	"90"	"56"	"0"	"607.831"	"29760"	"Eukaryota;;Vitaceae;Vitis;Vitis vinifera"	""
"BLASTX"	"SRR10518895_56"	"413"	"1415"	"XP_010646775"	"PREDICTED: uncharacterized protein LOC100257753 [Vitis vinifera]"	"Vitis vinifera"	"100.0"	"1"	"66"	"75"	"0"	"626.32"	"29760"	"Eukaryota;;Vitaceae;Vitis;Vitis vinifera"	""
"BLASTX"	"SRR10518895_107"	"1368"	"1103"	"RVW57347"	"Transcription factor GTE3, chloroplastic [Vitis vinifera]"	"Vitis vinifera"	"97.2"	"1"	"86"	"53"	"0"	"552.747"	"29760"	"Eukaryota;;Vitaceae;Vitis;Vitis vinifera"	""
"BLASTX"	"SRR10518895_65"	"703"	"1354"	"CAN68814"	"hypothetical protein VITISV_001086 [Vitis vinifera]"	"Vitis vinifera"	"95.8"	"1"	"58"	"65"	"9.46901e-180"	"518.079"	"29760"	"Eukaryota;;Vitaceae;Vitis;Vitis vinifera"	""
"BLASTX"	"SRR10518895_118"	"363"	"1064"	"XP_002269354"	"PREDICTED: K(+) efflux antiporter 5 isoform X1 [Vitis vinifera]"	"Vitis vinifera"	"100.0"	"1"	"100"	"61"	"0"	"592.808"	"29760"	"Eukaryota;;Vitaceae;Vitis;Vitis vinifera"	""
"BLASTX"	"SRR10518895_41"	"3866"	"1584"	"QEQ48755"	"asparagine synthetase 2 [Vitis vinifera]"	"Vitis vinifera"	"99.8"	"1"	"100"	"90"	"0"	"1036.94"	"29760"	"Eukaryota;;Vitaceae;Vitis;Vitis vinifera"	""
"BLASTX"	"SRR10518895_36"	"348"	"1664"	"XP_003633884"	"PREDICTED: DNA mismatch repair protein MLH1 [Vitis vinifera]"	"Vitis vinifera"	"97.6"	"1"	"77"	"57"	"0"	"843.188"	"29760"	"Eukaryota;;Vitaceae;Vitis;Vitis vinifera"	""
"BLASTX"	"SRR10518895_23"	"1170"	"1954"	"KAF3442500"	"hypothetical protein FNV43_RR16416 [Rhamnella rubrinervis]"	"Rhamnella rubrinervis"	"30.4"	"1"	"61"	"79"	"1.59071e-39"	"163.31"	"0"	"unknown"	""
"BLASTX"	"SRR10518895_69"	"2290"	"1334"	"RVX15591"	"Ethylene-responsive transcription factor 6 [Vitis vinifera]"	"Vitis vinifera"	"98.5"	"1"	"76"	"100"	"0"	"624.394"	"29760"	"Eukaryota;;Vitaceae;Vitis;Vitis vinifera"	""
"BLASTX"	"SRR10518895_1"	"1050"	"5958"	"YP_009351862"	"polyprotein [Grapevine rupestris vein feathering virus]"	"Grapevine rupestris vein feathering virus"	"96.6"	"1"	"98"	"92"	"0"	"3737.96"	"204933"	"Viruses;ssRNA viruses;Tymoviridae;Marafivirus;Grapevine rupestris vein feathering virus"	"TTACCCTTATGACATCCCGCAAGAGCACGCCAAATTTTTGCAAAACTGCGGGATCCAAGCCTCGGGCTACGGTTACAAAACTCACCCCCATCCCGTTCATAAAACCATTGAAATCCACCTGCTGTTCGAGCACTGGATGAATTTGTGTCGCCAACCCTCCTCCGTTCTCTTCATGAAGCCCTCCAAATTCTCCAAGCTCCAGGCCAGAAACAACAACTTTTCCGAGTTATGCAACTACAGCTTGGTGGCTCGGGACGTCACCCGTTATCCCGAAGTCTCTACCACCCCCCCGGAGTGCAGCACTTGGTTCATGCACGACTCCATCATGTACCTGTCCGCTGAGGAGGTGGCCGGGTGCTTCCAAGCCTGCCCTCATTTGGAGCGCCTCTATGCCTCCCTCGTTGTCCCACCCGAGTCGGCCTTCACTGACCTCTCCTTCTCGCCCTCCCTCTACCGTTACCGCTTTCACGGCGACCAGCTCGTTTATCGCCTTGAGGAGAACCCCTCCCACAGCTACCAGCAGCCCAAAGCTGCGCTGAAGTGGCTTCAGACTAACAGCATCCAGGGTAACGACATCTTCCTGGCCATCACTCGCCTGGAAAGTTGGGGTCCAGTTCACAGCCTTCTCATCACCAGAGGCCGTCCCCCCGTTCTCACGGACGACTCTCTTTTTTTCTCCTCCCCTGATGCCGTCGAGATCCCAGCCGCCTCCTCTATCCAGCAAAGCCTCCGCCACCGCCTCGTCCCCTCTGCGGTCTACCACTCCCTCTTCATCTACGTCCGGGCCGTCAGAACTTTGCGGCAAACTGACCCTCAAGGGTACGTTCGCACTCAGAGCAACAAGCCAGAGTACGCCTGGGTCACCTCCGCCGCCTGGGACAACCTCCAGCACTTCGTCACGGAGACCGCTCATCACCGTCAACGAACCACATATTACCTGTTCAATTCAACCCTCGCCCGCCTGAGCCATTGGTGCCGCTGCCACAAACTCGCCATAGCCACTTCTCTCACCCCAGCTGCCTCCGCCACCATTGCGACTTTCCTCGGCGGGATCGACTTGCTCTGGAAGCACTCCATCAAGCATCTCGTTGTTGCCCACCGTTACTTCATTGGGTCAGCCCCTCTCCATGCCCGGCTTCTTCCCAGAGCCTTGGTTCAGGAGCACTTTCCCCGCTTCTCGCTCGCTCTGGAGCCACGGGTCTCCGCTCCCATCATTCACCTGCCCTTTCGCCACTCTGTCCGCGTGCCCTTCGTGCTCGCCATCGCCGAGCACTTTCCCGCCCTGAAGCGCTGGCTTCCCCGTCTCTCCACACCTGCCCTCCTGAAAGCAGCCTTCTGTCTTGGCCTGCTGACACCACCGATTCTGCTTCTCATCCGCTCCTTTGTGGGGCCCGACTCCCCGCAAAGCATGAGTGATGCCTACAACCGGTACTTCCATCCCTCACGCTGGGAACTCTCTCTCGAGCGTTCTCCTGCCAGCGTGCTTCCTTCCCCTCCGGCCTTTCTCCCTCTCCAAGCCAAAGTGGACCCTTCCGAGCCCAGACCCTCGGACTCCCCCTTGGAGACGCCTCTCGTGCCATCCCCTCGCCTCCACCCAGAGTCTCCACCTGCCTCCGAGAAGCCTGCAGAACCTGCGCCGTGCGCAGTTGTAACTCAGGCGCCTGTTCTCGATGCCAGCCTTCCTAAGGCTGAAGAGACCCCAGCTGGTCTAGATTTGTCTGCAACTACTCTCATTGAAGCCAAACCCCCCGTCGTCGTGCTCGCCGCTGACGAACCTGCCCGCCCTTCCAACCTCATCGACCCCGCTCCTTCTTCTGAACAGCTCCTCGTGTCTCACACCGGGACGCTGACTCACACTGCTCCCGCTCCCGTTGTTGTTGAGCCAGAAACCGCTCCTCTGATGCTCGATGCCTCGGGTGCTGGCGCCGTAGCTCCATTCTCCGCTCTCCACCCTGGCTCCTACCTGCCCTTCAGCGGGGTCTTCCCCACTCGGCTCCGCGTCAGCTCTCTCTCCCCCGCTCCCTACCCAGCTCTGGACTGTCTGCTGGTTTCCGTCGCTGGAGCAACAGGTTTCCCGAAAGAGTCTCTGTGGCAGAGCCTCTGCGGCATCCTCCCCGACTCGCAACTCGACAACGATCAGATCCGAACCCAAGGGCTCAGCACTGATCACTTCTGTGCTCTTGCCTTCCTCCACTCTCTGCGCTGCACCTTCCTCACCGACGCTGGTCAGCAGGAGATGGGTATGGAAGACGCCACTTCCGTCTTTACCATTCGGCACACCTCTGGCAGCCCAGGCCATTTTGAGCTCGTTCGCTCCTCCGCTCGCCCTCTTCTCAATGGAGCTCGCCCCGCTGCTGACATCGTTGAGCACATGAAGCGCTTCAAAGTGGATGGTAAGATCCTCCCATTCTGTGAGGCTCACACCTACACCTCGCATGTCAGCAGAGCCAAGAACCTCATCAGCAACATGAAGAACGGGTTTGATGGCGTGCTTGCCAACATTGATCCTCAGCACACTAACGAAGCTCGCGACCGCCTTCTCTCTCTCGATGGGTCGCTCGATGTGGCCAAGCCCCGCACAGTCTCGCTCATCCACATCGCAGGGTTCGCCGGGTGTGGCAAGTCTTACCCCATTTGCCAGCTTCTCAAGACTAAGCCTTGCCGCAATTACAAGATAGCGGTACCCACCGTTGAGCTCCGCAACGAGTGGAAAGACTCCCTCAAGTCTTCACCTGCCGATCGCTGGAGACTCGGCACTTGGGAGTCCTCCCTTCTCAAATCCGCTCGCATTGTTGTCATCGACGAGGTTTACAAGCTCCCGCGAGGCTATCTGGATTTAGCCATTCACGCCGACAGCACCGCTCAGCTCTTCATCGTTCTGGGGGACCCGCTTCAAGGTGAGTATCACTCCACCAATCCCAACTCCAGCAATGCTCGTCTCTCCAGCGAGATCAAGCACCTTCAGCCATTCATGGACATGTACTGCCTGTGGTCCCATCGCATCCCCCGCAACGTGGCCAGATTCTTCCGAGTCCACACCACCTCTCAAGTCGAGGGCACCGTCACCACTTCTCTGGTTCTGGCCCCAGGTTGGAAGCAACTCACTAACTCTATGAATGCAGCCCGCACTCTCAATGACTGCGGCTTTGCTGCCACCACCATAGCTTCATCTCAAGGCTCCACCTACAGTCATCCCGCCTGCATAAATCTGGACAAGAACTCCAGCCAGCTGTCTCACGCCCACTCTCTCGTAGCCCTCACGCGCTCAAAAGTGGGTATCATGTTCACCGGGGATCTGTCCCGGCTAAACCCTGGCTCCTCCTCCAATCTCATGTTCTCCAAGTTCAAGCAAGGGGAAAGCGTTGACTTACGCTCTCTGTTCCCCTTCGAGTTTCCATGCTGCCCCACCATCACTGAGCCACTCTCTGTTCGACCCAAGTTCTGCCTCGGCGGTGCTCCTTGGCTCGCTTCTGAGCACTTCCATTCCGCTGCTCTTGGCCCGTCTGATCTGCCTGATCTTTTGCTACCCGAAGCCCGAATCGTGCTCGGCTCAGGCGAGGTCAACGCCCCCCAAGTTAGCACTCACTTCCTCCCCGAGTCGCGCCGACCTCTCCACTCGGACGTCGCCTCGGCCATTCCTGAGCCTGCCAAGCCCTCAGGAGTAGACCCCCTCGACTTGGCCTCGATCACTCCGGTTTACCCCGGTGAGTCTTTCGAGAACTTATCAAGACACTTTTTGCCCGCTCATGACCCTGAATCCAAAGAGATTTGGTACAACAACCAGCTCTCCAACCAGTTCCCCCACATGGACAAAGAGTTCCATCTCTCCGCTCAGTCTTCTTCTCTGCTTGCCCCTGTGCACTCAACTTCTCGGGACCCCACTCTTCTCAAGGCCTCCATTGGTAAGCGCCTTCGCTTTCGCCCGTCCTCTGCTCCCTATCGCATCACTCCCAAGGACGAGATTCTCGGCTCCCTTCTCTTCGAGGCGCACTGCTCTGCCATGCTCCGGAGCCCCTCTGCCTCGGTCCCTTTTGATGAGAATCTGTTCGCTGAGTGCATCGCTCTGAATGAGTACGCTCAACTCACGAGCAAAACTCAAGCTATCATCATGGCCAATCGAGATCGCTCTGACCCAGACTGGCGCTGGTCCGCAGTCCGCATTTTCGCCAAGACGCAGCACAAAGTCAATAACCACTCCATCTTCGGAGGCTGGAAGGCGTGTCAAACCCTGGCTCTCATGCATGACGCGGTTGTTCTGCTTCTCGGACCCGTCAAGAAGTACCAACGAATTTTTGACGCTGCCGATCGCCCCTCCAACATCTTCGTGTATGCTGGCCACACTCCATTTGAAATGGCCGCTTGGTGTCGCTCTAATCTCAAGCCTGGCGAGCGTGTTGCCAATGATTACACCAGTTTCGACCAGTCGCAACATGGCGAAGCCGTCGTCTTCGAGCGGAAAAAGATGGAGCGCCTCAACATTCCAGCGCATCTCATCGATCTGCACGTTCACCTGAAAACGAACGTCAGCACTCAGTTCGGTCCCCTCACTTGCATGCGCCTCACTGGCGAGCCAGGGACTTATGATGACAACACCGATTACAATCTGGCTGTTCTGCATTTGGAGTACCTCGTCGGCTCCACTCCTTGCATGGTCTCCGGCGATGACTCTCTCCTTGGGCGCGAACCACCTCGCAATCCAATCTGGCCCGCTGTCAAGCCCCTCCTGTCTCTGCGTTTCAAGAAGGAGCGCACCCGTTATGGTGAGTTTTGTGGCTACTACGTCGGTTGTGAGGGTTGCATTCGCTCCCCCATCGCACTCTTCGCCAAGCTCATGGTTTGTGTCGACGATGGGACCATCGACGAGAAGCTCCTTTCTTATGCCACGGAGTTCTCCATCGGCCACTCCCTTGGTGATGCCTTCTGGAATCTGCTCCCGATTGAATCCGTTCCATATCAGTCAGCTGTCTTTGACTTCTTCTGCCGCAACGCCTCGGAGGACATCAAAGTCATGTTCAAACTCGGTCGTGTCGAGGTCTCTCTCTTCTCCCATTTGCTTCACAAGCTCTCATGGCTCTCCTACTCCACCTACTCCATGCTCAACTCTCTTCAACGCCGCGCTCTCCGGAGTAAAGCTGTTCGCCAACATTTCCCCGGTGACTCCAAAGAGGTTACTGAGCTACAAGGTGAATTGCTTCATGCATTTTCAATGTCAACCACTCCTCGCGTTCTCACTGGCGGTTTGATCCTTCCTGCTCCAGCTCCCATGTCAAATGAAGCTCAGCTGCCCATTTCTGGTCGTCCTTCTCGCGATGACCATCGCTCTGATCCTCAGCCTACTCTTCCTCTCGCGCCCAAAGTCCAGGAATCGCCGGCGCTCTCACTCTCCATCCCTTTCCAGTGGGTTGCTCTCATAATCAAGAGCGACTCCGCTGCCTTTACCGTCGACCTCGCGGCCTCCACCACTCTTAAGAAACTCACGGATCCTTTCCGGAGCTGTGAGATCACCAATCTCGAGGTCGTGCTCATGCCCACTCTCAACGCCTTCAACAACCCTGTCACCCTTCACTGCGTCTGGACGGTCAACTCCATCCAGCCCGCTTCTGGCGACGAGCTGCTGTATTTCGGCGGCCAAGCTATCACGGCTGGCGGCCCAGTGAGCATGAACGCTCTTGCCACAGTCCCCGCTGACCTCACGCGCATCAACCCCCGCATCAAGTCCTCGGTCGGCTACTTGGACACCCCTCGCCTCACTGGCACAACTATGAAGTGCGCAACCGCACAAACTCTCCCCCTGGCTTACGTCATGATTCGTGGCATGGTCAGTGTCTCCGGCCCCATGGGCATTAAACTCTAACCCTCTCTTTTCTCTTCTTCTCCCTTCCTGCTCTCCCTTGCACCGGCAACGGTATTCAAGAAAAGGTCCGTAAAGCGACCTTGGTGTGCTTTTAGTTTCTGCTG"
"BLASTX"	"SRR10518895_4"	"912"	"3797"	"XP_002275171"	"PREDICTED: disease resistance protein RGA2 isoform X1 [Vitis vinifera]"	"Vitis vinifera"	"63.2"	"1"	"98"	"100"	"0"	"1388.63"	"29760"	"Eukaryota;;Vitaceae;Vitis;Vitis vinifera"	""
"BLASTX"	"SRR10518895_539"	"633"	"1011"	"PIN15559"	"Long-chain acyl-CoA synthetases (AMP-forming) [Handroanthus impetiginosus]"	"Handroanthus impetiginosus"	"74.5"	"2"	"95"	"49"	"8.63726e-129"	"491.486"	"429701"	"Eukaryota;;Bignoniaceae;Handroanthus;Handroanthus impetiginosus"	""
"BLASTX"	"SRR10518895_3"	"6083"	"3969"	"RVW36267"	"Coatomer subunit alpha-1 [Vitis vinifera]"	"Vitis vinifera"	"99.9"	"1"	"89"	"96"	"0"	"2318.5"	"29760"	"Eukaryota;;Vitaceae;Vitis;Vitis vinifera"	""
"BLASTX"	"SRR10518895_22"	"1564"	"1992"	"XP_022724868"	"allantoinase isoform X1 [Durio zibethinus]"	"Durio zibethinus"	"80.5"	"1"	"73"	"96"	"0"	"785.408"	"66656"	"Eukaryota;;Malvaceae;Durio;Durio zibethinus"	""
"BLASTX"	"SRR10518895_97"	"677"	"1144"	"XP_002269264"	"PREDICTED: choline/ethanolaminephosphotransferase 1 [Vitis vinifera]"	"Vitis vinifera"	"100.0"	"1"	"95"	"93"	"0"	"740.339"	"29760"	"Eukaryota;;Vitaceae;Vitis;Vitis vinifera"	""
"BLASTX"	"SRR10518895_46"	"1192"	"1538"	"CAN67192"	"hypothetical protein VITISV_019532 [Vitis vinifera]"	"Vitis vinifera"	"66.0"	"1"	"91"	"45"	"0"	"568.926"	"29760"	"Eukaryota;;Vitaceae;Vitis;Vitis vinifera"	""
"BLASTX"	"SRR10518895_119"	"594"	"1064"	"AVK87731"	"glucose acyltransferase 1 [Vitis vinifera]"	"Vitis vinifera"	"99.4"	"1"	"100"	"75"	"0"	"728.398"	"29760"	"Eukaryota;;Vitaceae;Vitis;Vitis vinifera"	""
"BLASTX"	"SRR10518895_10"	"746"	"2491"	"KAA8515269"	"hypothetical protein F0562_018501 [Nyssa sinensis]"	"Nyssa sinensis"	"70.9"	"1"	"98"	"89"	"0"	"1138.64"	"561372"	"Eukaryota;;Nyssaceae;Nyssa;Nyssa sinensis"	""
"BLASTX"	"SRR10518895_122"	"571"	"1048"	"CAN73646"	"hypothetical protein VITISV_025571 [Vitis vinifera]"	"Vitis vinifera"	"99.7"	"1"	"96"	"77"	"0"	"604.364"	"29760"	"Eukaryota;;Vitaceae;Vitis;Vitis vinifera"	""
"BLASTX"	"SRR10518895_17"	"719"	"2130"	"RVX08594"	"putative polyol transporter 4 [Vitis vinifera]"	"Vitis vinifera"	"99.4"	"1"	"74"	"100"	"0"	"930.243"	"29760"	"Eukaryota;;Vitaceae;Vitis;Vitis vinifera"	""
"BLASTX"	"SRR10518895_105"	"593"	"1108"	"XP_002262991"	"PREDICTED: protein pleiotropic regulatory locus 1 [Vitis vinifera]"	"Vitis vinifera"	"99.7"	"1"	"100"	"76"	"0"	"735.717"	"29760"	"Eukaryota;;Vitaceae;Vitis;Vitis vinifera"	""
"BLASTX"	"SRR10518895_87"	"852"	"1198"	"RVX00714"	"Receptor-like protein kinase FERONIA [Vitis vinifera]"	"Vitis vinifera"	"99.2"	"1"	"93"	"38"	"0"	"759.985"	"29760"	"Eukaryota;;Vitaceae;Vitis;Vitis vinifera"	""
"BLASTX"	"SRR10518895_129"	"352"	"1027"	"XP_020251960"	"chlorophyll a-b binding protein 1D [Asparagus officinalis]"	"Asparagus officinalis"	"81.8"	"2"	"69"	"100"	"5.0458e-16"	"399.4231"	"4686"	"Eukaryota;;Asparagaceae;Asparagus;Asparagus officinalis"	""
"BLASTX"	"SRR10518895_128"	"250"	"1031"	"RVW51547"	"CSC1-like protein [Vitis vinifera]"	"Vitis vinifera"	"99.6"	"1"	"82"	"34"	"1.96364e-177"	"522.702"	"29760"	"Eukaryota;;Vitaceae;Vitis;Vitis vinifera"	""
"BLASTX"	"SRR10518895_115"	"1987"	"1073"	"CAN67408"	"hypothetical protein VITISV_025619 [Vitis vinifera]"	"Vitis vinifera"	"90.9"	"1"	"68"	"89"	"2.13731e-146"	"424.476"	"29760"	"Eukaryota;;Vitaceae;Vitis;Vitis vinifera"	""
"BLASTX"	"SRR10518895_28"	"292"	"1757"	"MQM05480"	"hypothetical protein [Colocasia esculenta]"	"Colocasia esculenta"	"70.8"	"1"	"8"	"32"	"4.57394e-12"	"75.0998"	"4460"	"Eukaryota;;Araceae;Colocasia;Colocasia esculenta"	""
"BLASTX"	"SRR10518895_58"	"811"	"1403"	"XP_002280998"	"PREDICTED: 3-dehydrosphinganine reductase TSC10A [Vitis vinifera]"	"Vitis vinifera"	"73.4"	"1"	"23"	"34"	"5.45738e-44"	"167.548"	"29760"	"Eukaryota;;Vitaceae;Vitis;Vitis vinifera"	""
"BLASTX"	"SRR10518895_103"	"181"	"1112"	"XP_019074336"	"PREDICTED: plasma membrane ATPase 2, partial [Vitis vinifera]"	"Vitis vinifera"	"95.0"	"1"	"65"	"53"	"1.31134e-160"	"468.003"	"29760"	"Eukaryota;;Vitaceae;Vitis;Vitis vinifera"	""
"BLASTX"	"SRR10518895_211"	"552"	"1206"	"XP_002263448"	"PREDICTED: chaperone protein dnaJ GFA2, mitochondrial [Vitis vinifera]"	"Vitis vinifera"	"99.3"	"2"	"100"	"89"	"0"	"804.654"	"29760"	"Eukaryota;;Vitaceae;Vitis;Vitis vinifera"	""
"BLASTX"	"SRR10518895_51"	"459"	"1484"	"KAA8550561"	"hypothetical protein F0562_002245 [Nyssa sinensis]"	"Nyssa sinensis"	"64.2"	"1"	"85"	"98"	"1.66247e-138"	"416.001"	"561372"	"Eukaryota;;Nyssaceae;Nyssa;Nyssa sinensis"	""
"BLASTX"	"SRR10518895_124"	"116"	"1044"	"RVW51879"	"putative leucine-rich repeat receptor-like protein kinase [Vitis vinifera]"	"Vitis vinifera"	"75.1"	"3"	"100"	"36"	"1.07025e-18"	"925.2065"	"29760"	"Eukaryota;;Vitaceae;Vitis;Vitis vinifera"	""
"BLASTX"	"SRR10518895_53"	"604"	"1452"	"XP_019074065"	"PREDICTED: uncharacterized protein LOC100242843 [Vitis vinifera]"	"Vitis vinifera"	"99.3"	"1"	"55"	"54"	"0"	"563.918"	"29760"	"Eukaryota;;Vitaceae;Vitis;Vitis vinifera"	""
"BLASTX"	"SRR10518895_131"	"3078"	"1023"	"NP_001268045"	"polyphenol oxidase, chloroplastic [Vitis vinifera]"	"Vitis vinifera"	"97.1"	"1"	"100"	"56"	"0"	"565.459"	"29760"	"Eukaryota;;Vitaceae;Vitis;Vitis vinifera"	""
"BLASTX"	"SRR10518895_31"	"676"	"1721"	"XP_011000461"	"PREDICTED: UPF0481 protein At3g47200-like [Populus euphratica]"	"Populus euphratica"	"28.4"	"1"	"72"	"97"	"7.79918e-38"	"155.606"	"75702"	"Eukaryota;;Salicaceae;Populus;Populus euphratica"	""
"BLASTX"	"SRR10518895_102"	"2572"	"1120"	"AAF71819"	"putative aquaporin PIP1-3 [Vitis cinerea var. helleri x Vitis rupestris]"	"Vitis cinerea var. helleri x Vitis rupestris"	"97.9"	"1"	"77"	"100"	"0"	"571.237"	"104324"	"Eukaryota;;Vitaceae;Vitis;Vitis cinerea var. helleri x Vitis rupestris"	""
"BLASTX"	"SRR10518895_54"	"3169"	"1449"	"RVW57356"	"Auxin-responsive protein IAA9 [Vitis vinifera]"	"Vitis vinifera"	"100.0"	"1"	"72"	"100"	"0"	"643.654"	"29760"	"Eukaryota;;Vitaceae;Vitis;Vitis vinifera"	""
"BLASTX"	"SRR10518895_108"	"6383"	"1100"	"CBI40363"	"unnamed protein product, partial [Vitis vinifera]"	"Vitis vinifera"	"95.8"	"1"	"39"	"54"	"3.38822e-93"	"289.271"	"29760"	"Eukaryota;;Vitaceae;Vitis;Vitis vinifera"	""
"BLASTX"	"SRR10518895_57"	"1962"	"1415"	"XP_002282276"	"PREDICTED: UTP--glucose-1-phosphate uridylyltransferase isoform X1 [Vitis vinifera]"	"Vitis vinifera"	"97.0"	"1"	"99"	"100"	"0"	"851.277"	"29760"	"Eukaryota;;Vitaceae;Vitis;Vitis vinifera"	""
"BLASTX"	"SRR10518895_136"	"717"	"1010"	"XP_002272213"	"PREDICTED: U4/U6.U5 tri-snRNP-associated protein 2 [Vitis vinifera]"	"Vitis vinifera"	"100.0"	"1"	"50"	"64"	"1.10641e-114"	"342.813"	"29760"	"Eukaryota;;Vitaceae;Vitis;Vitis vinifera"	""
"BLASTX"	"SRR10518895_47"	"263"	"1538"	"CBI24498"	"unnamed protein product, partial [Vitis vinifera]"	"Vitis vinifera"	"73.5"	"2"	"100"	"91"	"1.3512e-25"	"1048.87"	"29760"	"Eukaryota;;Vitaceae;Vitis;Vitis vinifera"	""
"BLASTX"	"SRR10518895_38"	"1207"	"1649"	"RVX17310"	"LRR receptor-like serine/threonine-protein kinase ERECTA [Vitis vinifera]"	"Vitis vinifera"	"99.6"	"1"	"95"	"52"	"0"	"1022.31"	"29760"	"Eukaryota;;Vitaceae;Vitis;Vitis vinifera"	""
"BLASTX"	"SRR10518895_72"	"1996"	"1314"	"XP_002285608"	"PREDICTED: chaperonin CPN60-2, mitochondrial [Vitis vinifera]"	"Vitis vinifera"	"99.8"	"1"	"95"	"72"	"0"	"802.357"	"29760"	"Eukaryota;;Vitaceae;Vitis;Vitis vinifera"	""
"BLASTX"	"SRR10518895_34"	"1232"	"1679"	"RVW18817"	"hypothetical protein CK203_098374 [Vitis vinifera]"	"Vitis vinifera"	"99.7"	"1"	"64"	"100"	"0"	"690.649"	"29760"	"Eukaryota;;Vitaceae;Vitis;Vitis vinifera"	""
"BLASTX"	"SRR10518895_30"	"2020"	"1744"	"XP_019074072"	"PREDICTED: serine/threonine-protein kinase HT1 [Vitis vinifera]"	"Vitis vinifera"	"99.1"	"1"	"74"	"88"	"0"	"889.412"	"29760"	"Eukaryota;;Vitaceae;Vitis;Vitis vinifera"	""
"BLASTX"	"SRR10518895_12"	"347"	"2390"	"AAY16203"	"coat protein [Grapevine rupestris stem pitting-associated virus]"	"Grapevine rupestris stem pitting-associated virus"	"100.0"	"1"	"33"	"100"	"0"	"531.946"	"196400"	"Viruses;ssRNA viruses;Betaflexiviridae;Foveavirus;Grapevine rupestris stem pitting-associated virus"	"GAAAACTATAAAAACACACAAAAGCTTCTTTTACTTTCCACACCTTATATATTAAATAGGATTTAGTATGGAAAGGGAATACTATTAGTACGGTATTCCAGCGAACAGGCTTAACCCAGCCTTGAAATCGGGGAATTATTGAACTACGGAATTGCCATTAGCTCCATCCCCCTTATTCATGAGTAACATTTGAGAAGGGGTTGTTGATGAGTGCACCAGCCGTTCCACCACTAATCTCTCCAAGGTTGGAACTCCGCTTGCCTTCAGCCATAGCTTGTCTGAGCACTTGAACCTCAAAAGAGGCGATATTAGCGACCATCTCAGCTTTTGTTGGAGCTCTTTTAATTCCACCCTTTGGTTCAAGCGCACTCTCATCTGTGACTCCCAGGAAGAAGTCAAAGGCTGCAAATTTCTCATTCTCATTAAATCCTTTCTTGGCCCAATTAGCTGGTGGTATTCCCGTCTCCAGATGGATATTCCACACGATTTTTGCATAGTACATGCAAAATCTGCGCAATGTGGTTACCTCCCTTATAATCCCGGCAATTTCTGATCTATTCAGATCACAGAATGGACTTTTGCCAATCAGGGTTGACCTTTGGGAGCTTCCAACATCAGAGCAGTGACGTGCTATATCTATGGCCACATCAAATTGTGCGCTCTCAGCTATGCCTGACTCTCCAAATGCACGAATGAGCTCATCTATTGCACCCTCATCCATGACATTTGGGGAAATCACAACCGTTTCGTGTTTCAACACCTCCCTCATGTCCACTGTTTTTGAGAGTGCATTCTCAATAACCCTCTTACGTTTGGCAAGCACACCACTGAGAGTAGGCGGTGTGTTTGAGCCTTCTGGCTGCTTTTGAGCTCTAGCCAACTCCAGTGATTTCAGCCGGGCTTCAAATGCCTCATTTGATTCTCCGGGGAGTTTGCCAATCTGACTTGCCATCCAACCAATTTAACAATGATAATCAATTTCTTCAGTAGTATGGCTAATCCCTAAAGCCTTCAAACCTCCCAACACCTCCTTCACGGTTAATGCAAGGGCCTCACTTGGGCCGCAATTCTCAATCAAAATCGATTCTCCAGTGGCCCTGATAAAGCAACCTTGGTGACCACCACTACTGCTGTCTACATGAGCAAGGATTTGGATGGCAATTGCAATTCCTACTAAAACCAGAATTCCAAACAGACAATACATGTATGAATGCAATTAGACCTATGACAAGCATTAAGGGCACGAAATTCTCAGACTGACCAAATATTCCTGAACTGGGGAAGGACTGCTTAGGACCACAGTAAGTTATACTTTTTGTGCCGTCCCGGTAACGCCCCCCGTGAGGAAATTGATGGACGTTGTCTCCTGAATATGGTAGATTTGACTTTCTCAGAAAATGCAGCACAAGTCCAATTCCTAAGCCGACAGTCAATGGGGTTATGGTTTTTGCCCAATTAGCAGGTTGCTGAAAAGGCATCTTACTGCATAATGACCAATTTCTTCCTATGCCTAGTGGCAGCGATGTAAAACCAGTGTCTGTCCTCTGGGGTTGGGTCCCTTGATTTCAAGAGGGTTACCACATTGAAAGTTGAACCTCGAACTTCACAAGGCAACTTGAAATCAGAGTTGTGCGCAACAGCGAGATCTACCGCCTCCTTGCCAAAACATATCAGCACCCCCTCAACATCTAGAGTGAAGGGTGACCCCACGATAACTTCGTCCAACCCGTCGCTGCTAACTTTGAAACCGAAAGAGGAAAGGTATTTGCAAGTGTTTGCACCAAACCTGCAGGTCTTGGACTTAATGAAATGCGCCTCTTTGGGAATACTGGTATTCTGGTATGGATCTGAGAACAGTACATCAAAACCCGAAATGTCTTGAACGGACAAATACTCATCAAGTATATTCACTTTCCCTTGCACTGCGCATCCTGGAGAGTAAGCCTTGATGTACCTTCCTGTGAGATTAGGACTGTCTGGAACACCTGCCGTGAAAGCCACGAAACTCTCGTCCTCTGAGATTAACTCCCTTATTAAACTACTCTTACCACTGCCAGGCACACTATGTATAACAACTGGAAATTTGAGCACACTGAAAACACCTATAAACTCAAAAGCTGATAATGCTTTAACTAAATTATTCATAATACTCGAACAACGCCAAATACTTAAGGCCTAATCAACTGCTTCAAATAGGCCTGAAATTGAGCACCTCATTTTATGCTTGTTCCTAACTAGAAACCTCACACAATTGTAGTGTGCCTCCACCTCTTCCTCTGTCATCATTTCAATGGATAGCTCACCCAATCTGTATGCATAGGACACCTCTATCGCATAATTATCAATGCAGTTCTCCAAATTGCCCATTTCTCTGGCTATGCATATTCTCT"
"BLASTX"	"SRR10518895_79"	"3441"	"1250"	"XP_003635686"	"PREDICTED: hsp70-Hsp90 organizing protein 3 [Vitis vinifera]"	"Vitis vinifera"	"66.3"	"3"	"100"	"100"	"7.58713333333335e-06"	"783.4534"	"29760"	"Eukaryota;;Vitaceae;Vitis;Vitis vinifera"	""
"BLASTX"	"SRR10518895_42"	"1704"	"1582"	"RVW32915"	"G2/mitotic-specific cyclin-1 [Vitis vinifera]"	"Vitis vinifera"	"97.3"	"1"	"84"	"100"	"0"	"858.981"	"29760"	"Eukaryota;;Vitaceae;Vitis;Vitis vinifera"	""
"BLASTX"	"SRR10518895_85"	"826"	"1204"	"XP_003631655"	"PREDICTED: phenylalanine--tRNA ligase alpha subunit, cytoplasmic [Vitis vinifera]"	"Vitis vinifera"	"99.2"	"1"	"92"	"75"	"0"	"760.755"	"29760"	"Eukaryota;;Vitaceae;Vitis;Vitis vinifera"	""
"BLASTX"	"SRR10518895_59"	"460"	"1400"	"RVX23141"	"E3 ubiquitin-protein ligase ATL6 [Vitis vinifera]"	"Vitis vinifera"	"99.8"	"1"	"86"	"100"	"0"	"708.368"	"29760"	"Eukaryota;;Vitaceae;Vitis;Vitis vinifera"	""
"BLASTX"	"SRR10518895_0"	"3219"	"6689"	"AXL94931"	"replicase [Grapevine rupestris stem pitting-associated virus]"	"Grapevine rupestris stem pitting-associated virus"	"99.4"	"1"	"67"	"69"	"0"	"3032.28"	"196400"	"Viruses;ssRNA viruses;Betaflexiviridae;Foveavirus;Grapevine rupestris stem pitting-associated virus"	"TTTTTGAATGAAAACTATAAAAACACACAAATTTTATTTTACTTTCCACGCCTTATATATTAAATAGGATTTAGCATAGAAAGGGAATACTATTAGTACGGTATTCCAGCGAACAGGCTTAACCCAGCCTTGAAATCGGGGAATTATTGACACTGAGGGCCACCGCCCCCTTTATGCACCTCATTCATGTGTGACATTTGCGAAGGGGTTATTGATAAGAGCACCAGCAGTTCCGCCACTAATTTCTCCAAGATTGGAGCTCCGCTTTCCTTCAGCCATAGTTTGTCTGAGCACCTTGACCTCAAAAGAGGCGATATTAGCGACCATCTCAGCTTTGGTTGGAGCTCTCTTAACGCCACCCTTTGGTTCAAGCGCGCTCTCATCTGTGACTCCAAGGAAGAAGTCAAAGGCTGCAAACTTTTCATTTTCATTAAATCCCTTCTTGGCCCAATTAGCGGGTGGAATCCCCGTCTCCAGATGGATGTTCCACACGATTTTTGCATAGTACATGCAAAATCTGCGCAGGGTAGTCACTTCCCTTATTATTCCAGCAATTTCAGATCTATTCAGATCACAGAAGGGACTCTTTCCAATCAAGGTTGATCTTTGAGAGCTACCAACATCAGAGCAATGGCGTGCAATGTCTATCGCAACGTTAAACTGATCACTCTCTGATATGCCAGACTCACCGAATGCTCGAATCAACTCATCTATTGCGCCTTCATCCATGACATTTGGAGATAGTACAACAGATTCATGCTTCAACACCTCCCGCATGTCCACAGTTTTTGAAAGAGCATTTTCAATAACCCTCTTCCTTTTAGCAAGGATACCCCCAAGGGCAGGAGGTTGGTTGGAGCCTTCAGGCTGCTTTTGAGCTCTTGCCAGCTCCAAAGATTTCAGTCTGGCCTCGAAAGCTTCATTTGACTCACCTGGCAACCTTCCTGGTGGGCTCGCCATCTAACAATGTTAACAATGATAATCAATTTCTTCACCAATATGGCTAACCCCTAAAGCCTTCAAACCTCCTAACACTTCCTTGACTGTTGAAGCAAGCGCCTCACTTGGGCCACAATTTTCAATCAATATTGATTCCCCCGTAGCCCTTATGAGACAACCCTTACTATCACCATTATTGCTGTCGACATGTGCAAGGATTAGGGTTGCAATTACAGCGCCTACAAGAACCAGAACTCCAAACAGATAGTACATATATGGAGGCTGTCAACACTATTACAATTATTAAAGGTACAAAGTTCTCTGACTGACCAAAAAGCCCAGAGCTTGGGAATGACTGTCTAGGACCACAATACGTTATGCTTTTGGTGCCATCCCTATAACGTCCTCCATGTGGAAATTGATGTATGTTGTCCCCTGAGTATGGCAAATTTGACTTTCTTAGGAAATGCAGCACCAAGCCGATGCCCAAGCCTATCGTCAATGGAGTAACAGTTTTGGCCCAATTCGCAGGTTGCTGAAAAGGCATCTCACTGCATGATGATCAACTTCTTTCTATGTCTTGTTGCAGCGATGTAGAACCAGTGCTTATCATCAGAGGTCGGATCTCTTGATTTCAGTAAGGTAACAACATCAAATGTAGCACCTCGCACCTCACAAGGAAGCTTGAAATCGGAATTATGCGCAGCCGCCAAATCAACTGCTTCCTTGCCAAAGCAAATTAGCACGCCCTCAACATCTAACTCAAATGGTGAACCTGTAATCACTTCATCAGACCTGTCACTATGCACGTTAAAACCAAAGGACAGAAGGTACTCACATGTATTTTCGCCAAATCTGCTGGTCTTTGATTTTATGAAGTGAGCCTCCCTTGGAACACTGATATTTTGATATGGGTCAGAGAATAACACGTCAAAACCAGAAATGTCATCTACAGATAAATACTCATCAAGTATGTTTACCTTCCCTTTCACAGCACAACCAGGAGAGTATGGCTTGATGTACCTCCCAGAGAGGTTGGGAGTGTCAGGAACGCCGGCCGTAAAGGCTACGAAACTATCGTCCTCAGTGATAAGCTCCCTTATCAAACTACTTTTACCACTACCAGGAACGCTATGAACAACAACTGGAAATCTGAGCACACTATATACACCCACAAACTCAAACGTAGACAAAGCTTTAACTAAGTTATTCATAATAATCACACCATGCCAAATACTTAAGGCCTAATCTATAGCTTCAAACAACCCAGAAATGGAGCATCTCATTTTGTGCTTATTCCTAACTAGGAACCGCACACAGTTGTAGTGTGCTTCGACTTCCTCCTCATTCATCATTTCAATTGACAACTCACCCAGCCTGTAGGCATAGGATACCTCAATTGCATAGTTATCAATGCAGTTCTCCAGGTTACCCATTTCGCGAGCAATGCAAATTCTCTCCCAAATGAGTTGGGGTTTCTTAAAGATCCCTTCTTTAAATAAACACCATCCACAAAATGTAGGATTTGTGACAAATTGCACTTTAGCTTTAAGGCAAATCATGTTTAGGAACCCTTCATGTTCAGTTTTAAGCCTTAATCTGCTGTTAGCACACATGTCATCGCCCGCAAATGCAATTGACTCGGACCCTGTCAGTTCATACCTTAAGAAGGTAAATAACATATTCGCCATTGTGTTGAACAAAAAGGTACTAGCTTCACCTGTAAATCTCATTATGGCAAAAGATCCAAGCTTGGATCCAAGATGAATTTTGATGAACTCATAATCCAAGATCAAGTCCTCTGGCAACCCTAAAAAACGCATTATTTGCAACTCAAATGACAAGATGAAGTGATCCTGAGAGGCATCAAATGCCTCATAATCCGATTCTGTGCAAATGCCTGTGAAGTTTCGCGCCTTAACCCACTCATTAAGTTCATCAAGACCTTTACCAGAGTGGATGTAAAAATTTGGCTTTAAAGCTTGCATGAGCTTCTTTTCAATGTACCTCATGTAAGGAGCAAAACGGACCAAAACTGCATGTTGAAAGCAAGCCAACGTCTGTCCAGCCTTTGCTACCCTTAACCTGTTGTCAAACTTTGTACAGTGTTGAGACTTCATAAAAATTAGAGCAACATCCAGCAACCAATCCCTGCAAGATCTGCCGGAATGATTCTCTATTGTTGCTGCACTTTTGCTTGCTTTCTTTTCCTCAAATTCTCGCACAGCTTCATGCATCAGGTTTGCATTGTGACTTGCATTCAGTGGAACCTTCGAAAGGAAAGTGTCAAGTAAGAACTTCCCATATGGCTTCGCGCGCCTCAATTTTGCAGCTTCAACTTGAGGCTTTGAAAATTTTAAACGTTTCCTGACGGCCATGAGGAAGGTCACTGAATCATTACCTTTATGTCTTGGATATATGCTTTCAAATCTTTCACATGCATTGCTCAATTGCTCGCTTCGCCCACACCTGTGTTCATCAAAGAACTGCTGGGTCGTTTCATAGCCACATCTCACTTCACGGTGCTCCTTCAGCGCCATCTTTCCAACCCATCTGGCCCTGGTCGATTCCAAGTTACTTAATGGGATATGGGTTTTAAACCATTCCTCATTAGAGCATTCAGACTCAAGTTCCTCAACTTCACAATCCTCATCTTGGCCAAGGAAAAGCATGACCTTTAGCCAAGGATCACCACACAGCTTCTCCTCTCTCACTCCCTCATTCCGCCCAATGCTAATATTAAAACCATTAAAGAAGTTGGGCTCACCGGGAAGCAAGTCTCTTATCACATTCTCCCCGCTTTTAGCCGTTAGAAAGTGATAGAGCGGTTTCCCAGCAAAATGCGACAGAAAGCTTTCCACTCTCAAACCAGTGATATTCACTAGATCAAGATTGTGGCTAAAACGAGATAAAGCTGTTAACCACCGGCGATCATCTGTGTGAAAGGAATCATGGGATATAAGAATCCCCCCATGCTTGAAATTCAACCCAGTAGACTCACCGAAAGTGAGTGTGAGTTGCTTCATTCCGAAGTAGGATTGAACGATTTTCTTTTCTTCGAAGCTGGAAACTAGAATGGCATCCAAAGGACCCTTTGATCTAGCTAAGAGGAAATCATGCATGTTGTGGAAAATGGCGTAATCAGCAAAAGCAGCAGTCATGGAGCCTTTTTTGAAGTTGCAGGGTAATCTTGAATCAAACATCGGGTTTACGAACCTCCGGCTCTCCAAGTTGTATCTATATGACTTTCCTTCTAGCAGCCTCAATATGTCACTCTGTTCAGCACCCAAAATAGCTCTATCTTTTTGAGAATCATATGTGCTTTGACAAGGATCACCAGCAAGAGAGATGAAAGCGTCACTGCGAATAACAAGAAGACATAGATCAATGTAACCAGGAGGGAATAGCTGAACTTCATCAAAGATCACGCAATGACCAGCCTTTAGGCCTGTAACTTTCCTAAGGAAGACCTCAAAGGTAACGACATCCCAGCCCTCCTTCTTTGATTTGCCTGCCTTCACCACTTTGCACTCTTCATCCATTTCTAGGTCCCTTTTGATTGAATTTGCTAGAGCCCTCCTAGGTGAGACAAATGTTACAAATTTCCCTTCAGATCTCTTCATGAAGCTCTTGTATAGGAAACTCTTCCCAGCCCCAAATGTGCCAAGCACAACTGTCAACTCTCTTTGTTTGATGTCAGAGGTTGAAACTCCAGCAAGCCAAGGCTTCGAATCGTTAAATTTCTCATCACTTATCACGCCAGTCAAACCCCCCAGCAAGCACCCCTGAAGTTTTTCCGCCCGCTCAAAACTTGGAAAATATGTTATCTTTGAACCATTCAAAGAAAGCAAGTCAAGAGCTGATCGTTTAACTTTCCGCAGCTCATCCACCTTTATACTTTGAGGCCCGTTACCAATCTTTTCGACATGTCTAATGTGTTCATTCGTTATGTCAAACAGAGCAGAAATGCGCCCGCCTGGATTGATAACCTCAATTTCGCCATTGACATCACATTTGGCACAGATATCGAAAGCCTCAAAAGCTTCTGCCAAATACATCATATTCAGACCCCCCCCTTGACATAACTCTTCAAAGATGTGATTGGTGCTGGGTCTACATAAGTAATTGAGCACGTCTACCTCACGCCTTCCAAGTGCTGATGCAATAGCTGTAATCATGCAGCCATTAAGAGGGGCACAAGGTTGAAAATGATTAGACTTTAGACACAGAATTCCACATAGAGGCCACTCGTTTTCCCCGAACTTCCAGCTCACCTCATATTCTGGCGTTATAATGATCAGTCTCACATGGTGCCTAACACAGAATAAGGCAATCATCTCATTTTCTGCATAAGCATCTTCACCAAGTTGCTTCCGTATAGTTGGGCTAGAAAGAGCTGGATCAATTGGTGATTCACTTTCCACGAACGACCTTATTCCTGCCTTCAAAGCCAGACCATCAGTACTAAGAAGGAAGCCAACTGAGTGCCAAAAGCAGTTGCCATCACCAGGCACAGGAAAAGTGTTGAAGTCTTCAATTTCGAAATCAGCTGATGCCTCAATTTGGCAGCCCAATAACAACTCCCTCGACCCAGAAAATGAGCATGCAGTTTTGTGAACTCTTAGCTTGCCTGTTGACCTGACTGGAGCCCTGTACGATATCACAAAAATGGAACCATCTTCTATCTTTTTAATACTGAAATCACCTTTAAAAACTTCAAATGATCCCAAGATTTTTGGACCGTAGTCAGTTTCTAAAGAAAGGGCCCCTTCAAGAACAAGGATCGACTGTTTCTTGCTTCTTGGCATGGCCAAAACTTGTGACAAACCTGTCCCAGTAGTGGCGAATACGACCCTATCACACTGGCCCAAACCTTGGGCGCCTAGAGCTAACTTGAGATTGTTTATCAAATCCTTGAACTTGTGAAAGTTATGGCAAGAAAAGCAAGAACAAAGGTCTGACGTAAAGCTTGTGCCATTAATTGAAATGGATTTCTTGATCCCATGGAGACCCATTTGCCACATGTTGCGATCAAGCTTCTCATGATTTTGCTCGATAGGTACTTGGGGGCTAATAAAAATTTGGTCATCATCTTCCAATTTTTGGCGTCGAAATGTCAAAGATACTCTCCCACTCAGGCAATTGGAAACACCATGGAAAAAGTTGCTCTGCATACCCCGAGGCATCTCAAAGAACTCGCCAGGTTCAATTGTCAGGCTGCAATGGTTTCCTTCAACTGGGTTTCTAGTCTTACTAACTGTGAAAGTAGCTGAGCCAATCAGATTGACAGTCAAAACTTTATGTCCAGGCTCATAACAGCTTTCATCATCCTTATGCAGGGCTAACTTTGAATTCTCCTCATACATTTGGACTAGGCATGAGTTATAATAACTACGGCCACCAGTGAAGCTAAGAATTTCATCAAGAAATTTTGGCCAACCGAGGCTCGTATGGCTGCCTCCATTGTAGCTATAGCTCAGAATGCCAGGTTTTGAGAAGAATGAAGCTTGCCTTCCCCTTAGTTTATCATTGAAGCCAATGTTCTTCACTACCCAATCAAAGGGCTTTGGTAAGACCTCAACCAAAATTTTTAATTCCCCAAGACAAAAAGATTTTTCAGATTTCTTGACAGATGGTGGAGCCAAATCAATGCAAAGAGCCTCATTTATGGGATGGACGCATACAGCTTGCTCTACGGTTTGGAATCCTTGACAGTCTTCAGATGATGATGTTTTAGAGGTCATGTCATT"
"BLASTX"	"SRR10518895_369"	"906"	"1007"	"XP_002279162"	"PREDICTED: 3-hydroxyisobutyryl-CoA hydrolase-like protein 5 [Vitis vinifera]"	"Vitis vinifera"	"99.7"	"2"	"92"	"80"	"4.607205e-58"	"643.64"	"29760"	"Eukaryota;;Vitaceae;Vitis;Vitis vinifera"	""
"BLASTX"	"SRR10518895_126"	"91"	"1041"	"XP_010657080"	"PREDICTED: probable LRR receptor-like serine/threonine-protein kinase At1g07650 [Vitis vinifera]"	"Vitis vinifera"	"100.0"	"1"	"100"	"34"	"0"	"669.848"	"29760"	"Eukaryota;;Vitaceae;Vitis;Vitis vinifera"	""
"BLASTX"	"SRR10518895_21"	"3402"	"2471"	"KAA8522877"	"hypothetical protein F0562_009300 [Nyssa sinensis]"	"Nyssa sinensis"	"53.5"	"1"	"84"	"97"	"0"	"569.311"	"561372"	"Eukaryota;;Nyssaceae;Nyssa;Nyssa sinensis"	""
"BLASTX"	"SRR10518895_78"	"682"	"1253"	"XP_002284097"	"PREDICTED: methyltransferase-like protein 5 [Vitis vinifera]"	"Vitis vinifera"	"99.5"	"1"	"48"	"90"	"2.74007e-125"	"371.318"	"29760"	"Eukaryota;;Vitaceae;Vitis;Vitis vinifera"	""
"BLASTX"	"SRR10518895_90"	"338"	"1189"	"CAN66469"	"hypothetical protein VITISV_016566 [Vitis vinifera]"	"Vitis vinifera"	"99.7"	"1"	"83"	"53"	"0"	"684.871"	"29760"	"Eukaryota;;Vitaceae;Vitis;Vitis vinifera"	""
"BLASTX"	"SRR10518895_16"	"372"	"2173"	"YP_009351862"	"polyprotein [Grapevine rupestris vein feathering virus]"	"Grapevine rupestris vein feathering virus"	"98.0"	"1"	"95"	"33"	"0"	"1410.59"	"204933"	"Viruses;ssRNA viruses;Tymoviridae;Marafivirus;Grapevine rupestris vein feathering virus"	"CAGCTGTCTAACCAGTTTCCGCACATGGACAAGGAGTTTCACCTCTCCGCCCAACCTTCTTCTCTCTTGGCCCCAGTGCACTCCACTGCTCGTGACCCCACTCTCCTCAAAGCCTCGATTGGGAAGCGTCTTCGCTTTCGCCCCTCCGCCGCGCCCTATCGAATCACCCCCAAGGACGAGATCTTAGGATCTCTTCTCTTCGAGGCGCACTGCTCCGCCATGCTCAGAAGTCCCTCTGCTTCCGTGCCATTCGACGAGAACCTCTTCGCCGAGTGCATAGCCCTCAACGAGTATGCTCAGCTCACCAGTAAGACCCAAGCCATCATCATGGCCAACCGAGATCGTTCCGACCCGGATTGGCGCTGGTCCGCTGTTCGCATCTTTGCTAAAACTCAGCACAAGGTCAACGACCACTCCCTCTTCGGAGGTTGGAAGGCCTGCCAGACCCTCGCCCTCATGCACGACGCGGTTGTTCTGCTTCTTGGGCCTGTGAAGAAGTACCAGAGAATCTTTGACTCCGCAGATCGCCCGTCCAACATCTTTGTCTACGCCGGCCACACTCCTTCTGAAATGGCCGATTGGTGTCGCTCCCACCTCAAGCCCGGCGAGAGAGTAGCCAACGACTACACCAGCTTCGACCAGTCTCAACACGGGGAAGCCGTTGTCTTCGAAAGGAAAAAGATGGAGCGTCTCAACATTCCTTCTCATCTCATCGATCTTCACGTCCACCTCAAAACCAACGTCAGCACCCAATTCGGGCCTCTGACTTGCATGCGCCTCACTGGTGAGCCAGGGACTTATGACGATAACACTGATTATAATCTGGCTGTCCTCCATCTGGAGTATCTCGTTGGCACCACCCCGTGCATGGTTTCAGGAGACGACTCCCTTCTCGGGCGCGAACCTCCTCGCAACCCCATCTGGCCAGCCGTCAAGCCTTTGCTTTCCCTGCGCTTCAAGAAAGAACGCACTCGCTACGGCGAGTTCTGCGGTTACTACGTCGGTTGCGAGGGTTGCATCCGCTCCCCCATCGCGCTCTTTGCCAAGCTTATGGTCTGTGTCGACGACGGCACCATCGATGAAAAGCTCCTCTCCTATGCCACTGAATTTTCCATCGGTCACTCTCTCGGTGACGCCTTTTGGAATCTGCTCCCAATCGATGCGGTTCCATACCAGTCCGCAGTTTTCGACTTCTTCTGCCGCCACGCGTCGGAAGACATCAAGGTTATGTTCAAACTTGGCCGCGTCGAAGTATCCCTGTTCTCTCACCTCCTCCACAAGCTCTCGTGGCTCTCTTATTCCACCTACTCCATGCTCAACTCTCTCCAACGCCGAGCTCTTCGCGGAAAGGCTGTTCGTCAGCATTTCCCCGGTGACTCCAAAGAGGTCACTGAGCTACAACGTGAATTGCTTCACACCTTTTCAATGTCATCCACTCCTCGCGTTCTCACTGGCGGACTGCTCCTCCCCGTTTCCGCGCCCATGTCAAATGAAGCCCAGCTGCCCGTCTCTGGTCGTCCTTCTCGCGATGACCATCGTTCTGATCCTCAGCCTACTCTTCCTCTCGCGCCCAAGGTCCAGGAATCGCCGGCGCTCTCTCTCTCCATCCCCTTCCAGTGGGTTGCTCTCATAATCAAGAGCGACTCGGCCGCTTTCACTGTCGATCTTGCCGCCTCCACCACTCTGAAGAAGCTCACAGACCCGTTCCGGAGCTGTGAAATCACCAATTTGGAGGTCGTGCTGATGCCGACTCTCAACGCTTTCAACAACCCTGTCACCCTCCACTGCGTCTGGACGGTCAACTCCATCCAGCCGGCCTCTGGCGACGAACTGCTGTACTACGGCGGTCAAGCAATCACTGCCGGCGGCCCCGTGAGCATGAACGCTCTTGCCACCGTTCCAGCTGACCTCTCCCGCATCAACCCCCGGATCAAGTCCTCTGTGGGCTATCTGGACACCCCTCGCCTCACTGGCACCACTATGAAGTGCGCTACCGCACAAACTCTACCCCTGGCCTATGTCATGATCCGTGGCATGGTCAGCGTCTCTGGCCCTATGGGCATCAAACTCTGATTAACTCTCTCTCATCTCTTCCTCCCTGCTCTCCCTTGCACCGGCAACGGTATTCAAGAAAAGGTCCGTAAAGCGACCTTGGTGTGCTTTTAGTTTCTGC"
"BLASTX"	"SRR10518895_64"	"140"	"1356"	"RVW15019"	"Disease resistance-like protein DSC1 [Vitis vinifera]"	"Vitis vinifera"	"94.6"	"1"	"90"	"37"	"0"	"677.937"	"29760"	"Eukaryota;;Vitaceae;Vitis;Vitis vinifera"	""
"BLASTX"	"SRR10518895_91"	"519"	"1186"	"RVW18814"	"hypothetical protein CK203_098373 [Vitis vinifera]"	"Vitis vinifera"	"96.2"	"1"	"47"	"86"	"7.5183e-123"	"363.999"	"29760"	"Eukaryota;;Vitaceae;Vitis;Vitis vinifera"	""
"BLASTX"	"SRR10518895_43"	"456"	"1581"	"XP_010645205"	"PREDICTED: protein DETOXIFICATION 45, chloroplastic-like [Vitis vinifera]"	"Vitis vinifera"	"99.6"	"1"	"91"	"86"	"0"	"949.503"	"29760"	"Eukaryota;;Vitaceae;Vitis;Vitis vinifera"	""
"BLASTX"	"SRR10518895_73"	"529"	"1313"	"RVW46851"	"Callose synthase 12 [Vitis vinifera]"	"Vitis vinifera"	"99.8"	"1"	"100"	"26"	"0"	"773.852"	"29760"	"Eukaryota;;Vitaceae;Vitis;Vitis vinifera"	""
"BLASTX"	"SRR10518895_133"	"164"	"1020"	"RVW83091"	"hypothetical protein CK203_040729 [Vitis vinifera]"	"Vitis vinifera"	"98.8"	"1"	"71"	"89"	"9.51297e-148"	"426.787"	"29760"	"Eukaryota;;Vitaceae;Vitis;Vitis vinifera"	""
